-- MySQL dump 10.13  Distrib 5.5.48, for Linux (x86_64)
--
-- Host: localhost    Database: inhotel_inhotel
-- ------------------------------------------------------
-- Server version	5.5.48-cll

/*!40101 SET @OLD_CHARACTER_SET_CLIENT=@@CHARACTER_SET_CLIENT */;
/*!40101 SET @OLD_CHARACTER_SET_RESULTS=@@CHARACTER_SET_RESULTS */;
/*!40101 SET @OLD_COLLATION_CONNECTION=@@COLLATION_CONNECTION */;
/*!40101 SET NAMES utf8 */;
/*!40103 SET @OLD_TIME_ZONE=@@TIME_ZONE */;
/*!40103 SET TIME_ZONE='+00:00' */;
/*!40014 SET @OLD_UNIQUE_CHECKS=@@UNIQUE_CHECKS, UNIQUE_CHECKS=0 */;
/*!40014 SET @OLD_FOREIGN_KEY_CHECKS=@@FOREIGN_KEY_CHECKS, FOREIGN_KEY_CHECKS=0 */;
/*!40101 SET @OLD_SQL_MODE=@@SQL_MODE, SQL_MODE='NO_AUTO_VALUE_ON_ZERO' */;
/*!40111 SET @OLD_SQL_NOTES=@@SQL_NOTES, SQL_NOTES=0 */;

--
-- Table structure for table `access_master`
--

DROP TABLE IF EXISTS `access_master`;
/*!40101 SET @saved_cs_client     = @@character_set_client */;
/*!40101 SET character_set_client = utf8 */;
CREATE TABLE `access_master` (
  `id` int(11) NOT NULL AUTO_INCREMENT,
  `hotel_id` int(11) DEFAULT NULL,
  `staff_id` int(11) DEFAULT NULL,
  `access_member_id` int(11) DEFAULT NULL,
  `zone_id` int(11) DEFAULT NULL,
  `room` varchar(100) DEFAULT NULL,
  `vecancy_reason` int(11) DEFAULT NULL,
  `access_start_date_time` datetime DEFAULT NULL,
  `access_end_date_time` datetime DEFAULT NULL,
  `date_time` datetime DEFAULT NULL,
  `active` enum('Y','N') DEFAULT 'Y',
  PRIMARY KEY (`id`),
  KEY `hotel_id` (`hotel_id`),
  KEY `staff_id` (`staff_id`),
  KEY `access_member_id` (`access_member_id`),
  KEY `room` (`room`),
  KEY `access_start_date_time` (`access_start_date_time`),
  KEY `access_end_date_time` (`access_end_date_time`),
  KEY `date_time` (`date_time`),
  KEY `active` (`active`),
  KEY `vecancy_reason` (`vecancy_reason`)
) ENGINE=InnoDB AUTO_INCREMENT=212 DEFAULT CHARSET=latin1;
/*!40101 SET character_set_client = @saved_cs_client */;

--
-- Dumping data for table `access_master`
--

LOCK TABLES `access_master` WRITE;
/*!40000 ALTER TABLE `access_master` DISABLE KEYS */;
INSERT INTO `access_master` VALUES (1,1,0,1,1,'0',NULL,NULL,NULL,'2015-04-30 23:00:25','Y'),(2,1,0,1,2,'12',NULL,NULL,NULL,'2015-04-30 23:00:25','Y'),(3,1,0,2,2,'20',NULL,NULL,NULL,'2015-04-30 23:49:13','Y'),(4,1,0,3,2,'10',NULL,NULL,NULL,'2015-05-01 05:48:31','Y'),(5,27,0,4,1,'',NULL,NULL,NULL,'2015-05-04 08:34:15','Y'),(6,27,0,5,1,'',NULL,NULL,NULL,'2015-05-04 08:43:36','Y'),(7,27,0,5,1,'',NULL,NULL,NULL,NULL,'Y'),(8,27,48,6,2,'400',NULL,NULL,NULL,'2015-05-05 10:49:15','Y'),(9,27,0,7,2,'199',NULL,NULL,NULL,'2015-05-06 07:31:56','Y'),(10,27,0,8,1,'',NULL,NULL,NULL,'2015-05-06 16:09:42','Y'),(11,27,0,9,2,'399',NULL,NULL,NULL,'2015-05-07 08:44:09','Y'),(12,27,0,9,2,'499',NULL,NULL,NULL,NULL,'Y'),(13,27,0,10,1,'',NULL,NULL,NULL,'2015-05-11 09:04:47','Y'),(14,27,0,11,1,'',NULL,NULL,NULL,'2015-05-11 09:30:30','Y'),(15,27,0,12,1,'',NULL,NULL,NULL,'2015-05-11 12:43:33','Y'),(16,40,0,13,2,'100',NULL,NULL,NULL,'2015-05-12 10:14:56','Y'),(17,40,0,14,2,'200',NULL,NULL,NULL,'2015-05-12 10:17:11','Y'),(18,27,0,4,2,'400',NULL,NULL,NULL,NULL,'Y'),(19,27,0,15,2,'299',NULL,NULL,NULL,'2015-05-14 14:34:02','Y'),(20,27,0,4,2,'111',NULL,NULL,NULL,NULL,'Y'),(21,1,0,16,2,'113',NULL,NULL,NULL,'2015-05-15 01:29:56','Y'),(22,1,0,17,2,'114',NULL,NULL,NULL,'2015-05-15 01:31:06','Y'),(23,27,0,18,2,'300',NULL,NULL,NULL,'2015-05-15 13:31:05','Y'),(24,27,0,6,2,'112',NULL,NULL,NULL,NULL,'Y'),(25,27,0,7,2,'333',NULL,NULL,NULL,NULL,'Y'),(26,27,0,9,2,'090',NULL,NULL,NULL,NULL,'Y'),(27,27,0,19,2,'221',NULL,NULL,NULL,'2015-05-16 01:54:43','Y'),(28,27,0,8,2,'2',NULL,NULL,NULL,NULL,'Y'),(29,27,0,4,2,'301',NULL,NULL,NULL,NULL,'Y'),(30,27,0,5,2,'401',NULL,NULL,NULL,NULL,'Y'),(31,27,48,20,2,'123',NULL,NULL,NULL,'2015-05-22 03:59:45','Y'),(32,27,0,21,1,'',NULL,NULL,NULL,'2015-05-22 05:50:15','Y'),(33,27,0,22,2,'600',NULL,NULL,NULL,'2015-05-22 05:53:55','Y'),(34,27,0,23,2,'599',NULL,NULL,NULL,'2015-05-22 10:11:04','Y'),(35,27,0,24,2,'699',NULL,NULL,NULL,'2015-05-22 10:12:16','Y'),(36,27,0,25,2,'555',NULL,NULL,NULL,'2015-05-22 10:33:20','Y'),(37,27,0,26,2,'556',NULL,NULL,NULL,'2015-05-22 10:36:55','Y'),(38,27,0,27,2,'700',NULL,NULL,NULL,'2015-05-22 12:20:31','Y'),(39,27,0,28,2,'750',NULL,NULL,NULL,'2015-05-22 13:01:45','Y'),(40,27,0,28,2,'750',NULL,NULL,NULL,NULL,'Y'),(41,27,0,29,2,'233',NULL,NULL,NULL,'2015-05-22 13:20:48','Y'),(42,27,0,30,2,'99',NULL,NULL,NULL,'2015-05-22 13:52:49','Y'),(43,27,0,31,2,'199',NULL,NULL,NULL,'2015-05-22 13:57:48','Y'),(44,27,0,32,2,'299',NULL,NULL,NULL,'2015-05-22 14:50:35','Y'),(45,27,0,33,2,'55',NULL,NULL,NULL,'2015-05-22 15:47:12','Y'),(46,27,0,34,2,'45',NULL,NULL,NULL,'2015-05-22 15:48:26','Y'),(47,27,48,35,2,'1',NULL,NULL,NULL,'2015-05-25 06:54:12','Y'),(48,27,48,36,2,'66',NULL,NULL,NULL,'2015-05-25 10:24:58','Y'),(49,27,48,37,2,'166',NULL,NULL,NULL,'2015-05-25 10:49:52','Y'),(50,27,161,38,2,'111',NULL,NULL,NULL,'2015-05-25 15:37:19','Y'),(51,27,161,39,2,'222',NULL,NULL,NULL,'2015-05-25 15:39:06','Y'),(52,27,48,40,2,'299',NULL,NULL,NULL,'2015-05-26 07:15:39','Y'),(53,27,48,41,2,'399',NULL,NULL,NULL,'2015-05-26 07:17:35','Y'),(54,27,48,42,1,'',NULL,NULL,NULL,'2015-05-26 15:06:26','Y'),(55,27,48,43,1,'',NULL,NULL,NULL,'2015-05-26 15:13:09','Y'),(56,27,48,44,1,'',NULL,NULL,NULL,'2015-05-27 12:25:04','Y'),(57,27,48,45,1,'',NULL,NULL,NULL,'2015-05-27 12:29:56','Y'),(58,27,48,46,1,'',NULL,NULL,NULL,'2015-05-27 12:37:35','Y'),(59,27,48,47,1,'',NULL,NULL,NULL,'2015-05-27 12:40:43','Y'),(60,27,0,48,1,'',NULL,NULL,NULL,'2015-05-27 13:27:42','Y'),(61,27,48,49,1,'',NULL,NULL,NULL,'2015-05-28 11:00:10','Y'),(62,27,48,50,1,'',NULL,NULL,NULL,'2015-05-29 09:55:34','Y'),(63,1,2,51,1,'',NULL,NULL,NULL,'2015-06-02 13:58:36','Y'),(64,27,48,52,2,'788',NULL,NULL,NULL,'2015-06-03 09:47:46','Y'),(65,27,48,53,2,'880',NULL,NULL,NULL,'2015-06-03 10:12:39','Y'),(66,27,48,54,2,'680',NULL,NULL,NULL,'2015-06-03 10:58:12','Y'),(67,1,2,55,2,'399',NULL,NULL,NULL,'2015-06-03 12:29:55','Y'),(68,1,2,56,2,'499',NULL,NULL,NULL,'2015-06-03 12:33:23','Y'),(69,1,2,57,2,'66',NULL,NULL,NULL,'2015-06-03 13:13:05','Y'),(70,1,2,58,1,'',NULL,NULL,NULL,'2015-06-03 15:09:34','Y'),(71,1,2,59,2,'299',NULL,NULL,NULL,'2015-06-04 08:02:22','Y'),(72,1,2,60,2,'test',NULL,NULL,NULL,'2015-06-04 09:25:51','Y'),(73,1,2,61,2,'399',NULL,NULL,NULL,'2015-06-04 09:33:17','Y'),(74,1,0,62,2,'780',NULL,NULL,NULL,'2015-06-05 14:50:42','Y'),(75,1,2,63,2,'511',NULL,NULL,NULL,'2015-06-08 15:38:50','Y'),(76,1,0,64,2,'134',NULL,NULL,NULL,'2015-06-10 09:50:06','Y'),(77,1,2,65,2,'10',NULL,NULL,NULL,'2015-06-11 09:11:55','Y'),(78,1,2,66,2,'20',NULL,NULL,NULL,'2015-06-11 09:16:39','Y'),(79,1,2,67,2,'30',NULL,NULL,NULL,'2015-06-11 09:31:16','Y'),(80,1,2,68,2,'60',NULL,NULL,NULL,'2015-06-11 09:36:16','Y'),(81,1,2,69,2,'40',NULL,NULL,NULL,'2015-06-11 09:50:22','Y'),(82,49,214,70,2,'1',NULL,NULL,NULL,'2015-06-17 08:46:42','Y'),(83,49,0,71,2,'2',NULL,NULL,NULL,'2015-06-17 09:28:21','Y'),(84,52,0,72,2,'1',NULL,NULL,NULL,'2015-06-18 14:52:48','Y'),(85,1,0,73,2,'102',NULL,NULL,NULL,'2015-06-18 16:46:52','Y'),(86,1,0,74,2,'102',NULL,NULL,NULL,'2015-06-18 16:55:50','Y'),(87,1,0,74,2,'102',NULL,NULL,NULL,NULL,'Y'),(88,1,0,74,2,'102',NULL,NULL,NULL,NULL,'Y'),(89,53,0,75,2,'100',NULL,NULL,NULL,'2015-06-19 19:12:43','Y'),(90,1,2,76,2,'44',NULL,NULL,NULL,'2015-06-23 16:36:07','Y'),(91,1,2,77,2,'199',NULL,NULL,NULL,'2015-06-24 15:49:53','Y'),(92,1,2,78,1,'',NULL,NULL,NULL,'2015-06-24 16:09:34','Y'),(93,1,2,78,1,'',NULL,NULL,NULL,NULL,'Y'),(94,1,2,79,2,'189',NULL,NULL,NULL,'2015-06-24 16:12:25','Y'),(95,1,2,80,2,'189',NULL,NULL,NULL,'2015-06-24 16:14:03','Y'),(96,1,2,81,2,'499',NULL,NULL,NULL,'2015-06-24 17:03:07','Y'),(97,1,2,82,2,'65',NULL,NULL,NULL,'2015-06-24 18:44:14','Y'),(98,1,2,83,2,'302',NULL,NULL,NULL,'2015-06-24 19:55:23','Y'),(99,1,2,84,2,'333',NULL,NULL,NULL,'2015-06-24 21:16:28','Y'),(100,1,2,84,2,'455',NULL,NULL,NULL,NULL,'Y'),(101,49,0,85,2,'888',NULL,NULL,NULL,'2015-06-25 16:15:54','Y'),(102,1,0,3,2,'102',NULL,NULL,NULL,NULL,'Y'),(103,1,0,3,3,'',NULL,NULL,NULL,NULL,'Y'),(104,1,0,3,2,'102',NULL,NULL,NULL,NULL,'Y'),(105,1,2,86,1,'',NULL,NULL,NULL,'2015-06-25 18:38:05','Y'),(106,1,2,87,3,'',NULL,NULL,NULL,'2015-06-26 14:45:42','Y'),(107,1,0,88,2,'100',NULL,NULL,NULL,'2015-06-26 18:44:00','Y'),(108,1,0,89,2,'100',NULL,NULL,NULL,'2015-06-26 18:44:00','Y'),(109,1,0,88,2,'100',NULL,NULL,NULL,NULL,'Y'),(110,1,0,3,2,'80',NULL,NULL,NULL,NULL,'Y'),(111,1,0,3,2,'80',NULL,NULL,NULL,NULL,'Y'),(112,1,0,63,3,'',NULL,NULL,NULL,NULL,'Y'),(113,1,0,63,4,'',NULL,NULL,NULL,NULL,'Y'),(114,1,0,66,3,'',NULL,NULL,NULL,NULL,'Y'),(115,1,0,59,3,'',NULL,NULL,NULL,NULL,'Y'),(116,1,0,65,4,'',NULL,NULL,NULL,NULL,'Y'),(117,1,0,62,2,'456',NULL,NULL,NULL,NULL,'Y'),(118,1,0,57,3,'',NULL,NULL,NULL,NULL,'Y'),(119,1,0,61,3,'',NULL,NULL,NULL,NULL,'Y'),(120,58,0,90,2,'103',NULL,NULL,NULL,'2015-06-30 14:43:03','Y'),(121,58,0,91,2,'300',NULL,NULL,NULL,'2015-06-30 14:45:04','Y'),(122,58,0,91,2,'02',NULL,NULL,NULL,NULL,'Y'),(123,58,0,91,2,'02',NULL,NULL,NULL,NULL,'Y'),(124,58,0,92,1,'',NULL,NULL,NULL,'2015-06-30 14:54:46','Y'),(125,58,0,91,3,'',NULL,NULL,NULL,NULL,'Y'),(126,59,0,93,1,'',NULL,NULL,NULL,'2015-06-30 15:01:46','Y'),(127,59,0,93,1,'',NULL,NULL,NULL,NULL,'Y'),(128,59,0,94,1,'',NULL,NULL,NULL,'2015-06-30 15:04:25','Y'),(129,59,0,95,1,'',NULL,NULL,NULL,'2015-06-30 15:06:23','Y'),(130,59,0,96,1,'',NULL,NULL,NULL,'2015-06-30 15:33:07','Y'),(131,59,0,97,1,'',NULL,NULL,NULL,'2015-06-30 15:35:42','Y'),(132,59,0,97,1,'',NULL,NULL,NULL,NULL,'Y'),(133,59,0,98,1,'',NULL,NULL,NULL,'2015-06-30 17:51:39','Y'),(134,59,0,99,1,'',NULL,NULL,NULL,'2015-06-30 17:56:15','Y'),(135,59,0,100,1,'',NULL,NULL,NULL,'2015-06-30 18:03:56','Y'),(136,1,0,56,4,'',NULL,NULL,NULL,NULL,'Y'),(137,1,0,55,3,'',NULL,NULL,NULL,NULL,'Y'),(138,1,0,56,3,'',NULL,NULL,NULL,NULL,'Y'),(139,59,0,101,1,'',NULL,NULL,NULL,'2015-07-01 13:27:31','Y'),(140,1,0,63,4,'',NULL,NULL,NULL,NULL,'Y'),(141,1,2,65,2,'55',NULL,NULL,NULL,NULL,'Y'),(142,1,0,57,3,'',NULL,NULL,NULL,NULL,'Y'),(143,1,2,65,1,'',NULL,NULL,NULL,NULL,'Y'),(144,1,2,65,1,'',NULL,NULL,NULL,NULL,'Y'),(145,1,2,65,1,'',NULL,NULL,NULL,NULL,'Y'),(146,1,0,56,3,'',NULL,NULL,NULL,NULL,'Y'),(147,1,0,59,3,'',NULL,NULL,NULL,NULL,'Y'),(148,59,0,102,1,'',NULL,NULL,NULL,'2015-07-01 15:17:19','Y'),(149,59,0,103,1,'',NULL,NULL,NULL,'2015-07-01 15:34:05','Y'),(150,59,0,104,1,'',NULL,NULL,NULL,'2015-07-01 15:36:44','Y'),(151,1,2,66,1,'',NULL,NULL,NULL,NULL,'Y'),(152,1,2,66,2,'14',NULL,NULL,NULL,NULL,'Y'),(153,1,0,61,3,'',NULL,NULL,NULL,NULL,'Y'),(154,1,2,65,2,'35',NULL,NULL,NULL,NULL,'Y'),(155,1,2,66,2,'36',NULL,NULL,NULL,NULL,'Y'),(156,59,0,94,2,'234',NULL,NULL,NULL,NULL,'Y'),(157,59,0,94,1,'',NULL,NULL,NULL,NULL,'Y'),(158,1,2,65,2,'78',NULL,NULL,NULL,NULL,'Y'),(159,1,2,66,2,'66',NULL,NULL,NULL,NULL,'Y'),(160,1,2,66,2,'67',NULL,NULL,NULL,NULL,'Y'),(161,1,2,65,2,'68',NULL,NULL,NULL,NULL,'Y'),(162,59,0,94,2,'555',NULL,NULL,NULL,NULL,'Y'),(163,59,0,94,2,'666',NULL,NULL,NULL,NULL,'Y'),(164,59,0,94,2,'78',NULL,NULL,NULL,NULL,'Y'),(165,1,2,105,2,'200',NULL,NULL,NULL,'2015-07-02 18:45:50','Y'),(166,1,2,106,2,'88',NULL,NULL,NULL,'2015-07-02 19:02:10','Y'),(167,1,2,107,2,'87',NULL,NULL,NULL,'2015-07-02 19:24:19','Y'),(168,1,2,108,2,'97',NULL,NULL,NULL,'2015-07-02 19:29:26','Y'),(169,1,2,109,1,'',NULL,NULL,NULL,'2015-07-02 19:35:22','Y'),(170,1,2,110,1,'',NULL,NULL,NULL,'2015-07-02 19:37:43','Y'),(171,1,2,111,1,'',NULL,NULL,NULL,'2015-07-02 19:42:15','Y'),(172,1,2,112,2,'77',NULL,NULL,NULL,'2015-07-02 20:16:14','Y'),(173,1,2,113,2,'67',NULL,NULL,NULL,'2015-07-02 20:28:11','Y'),(174,59,0,114,2,'99',NULL,NULL,NULL,'2015-07-03 13:20:43','Y'),(175,60,0,115,2,'88',NULL,NULL,NULL,'2015-07-03 13:29:15','Y'),(176,60,0,116,1,'',NULL,NULL,NULL,'2015-07-03 13:33:55','Y'),(177,59,0,117,2,'1',NULL,NULL,NULL,'2015-07-03 18:17:53','Y'),(178,1,2,118,2,'199',NULL,NULL,NULL,'2015-07-06 18:10:36','Y'),(179,1,2,118,3,'',NULL,NULL,NULL,NULL,'Y'),(180,1,2,118,4,'',NULL,NULL,NULL,NULL,'Y'),(181,1,2,118,4,'',NULL,NULL,NULL,NULL,'Y'),(182,1,2,3,1,'',NULL,NULL,NULL,NULL,'Y'),(183,1,2,119,1,'',NULL,NULL,NULL,'2015-07-07 16:43:36','Y'),(184,1,2,3,3,'',NULL,NULL,NULL,NULL,'Y'),(185,1,2,120,2,'102',NULL,NULL,NULL,'2015-07-10 09:32:25','Y'),(186,1,2,121,2,'102',NULL,NULL,NULL,'2015-07-11 11:32:48','Y'),(187,1,2,121,3,'',NULL,NULL,NULL,NULL,'Y'),(188,1,2,121,2,'106',NULL,NULL,NULL,NULL,'Y'),(189,1,2,3,1,'',NULL,NULL,NULL,NULL,'Y'),(190,1,2,122,2,'103',NULL,NULL,NULL,'2015-07-13 09:21:37','Y'),(191,1,2,122,1,'',NULL,NULL,NULL,NULL,'Y'),(192,1,0,66,2,'477',NULL,NULL,NULL,NULL,'Y'),(193,1,0,65,2,'476',NULL,NULL,NULL,NULL,'Y'),(194,1,2,122,2,'102',NULL,NULL,NULL,NULL,'Y'),(195,1,2,3,2,'102',NULL,NULL,NULL,NULL,'Y'),(196,1,0,3,2,'102',NULL,NULL,NULL,NULL,'Y'),(197,1,0,3,2,'102',NULL,NULL,NULL,NULL,'Y'),(198,1,2,73,2,'102',NULL,NULL,NULL,NULL,'Y'),(199,1,2,3,1,'',NULL,NULL,NULL,NULL,'Y'),(200,1,2,123,2,'102',NULL,NULL,NULL,'2015-10-13 18:25:04','Y'),(201,69,0,124,1,'',NULL,NULL,NULL,'2015-12-05 10:52:44','Y'),(202,61,0,125,2,'1234',NULL,NULL,NULL,'2016-03-08 10:38:51','Y'),(203,61,0,125,2,'123',NULL,NULL,NULL,NULL,'Y'),(204,61,0,125,2,'123',NULL,NULL,NULL,NULL,'Y'),(205,61,0,126,2,'123',NULL,NULL,NULL,'2016-03-08 10:52:13','Y'),(206,61,0,127,2,'102',NULL,NULL,NULL,'2016-03-11 16:31:27','Y'),(207,61,0,125,2,'123',NULL,NULL,NULL,NULL,'Y'),(208,61,0,125,2,'502',NULL,NULL,NULL,NULL,'Y'),(209,61,0,128,2,'502',NULL,NULL,NULL,'2016-03-15 18:13:25','Y'),(210,61,0,125,2,'205',NULL,NULL,NULL,NULL,'Y'),(211,61,0,125,1,'',NULL,NULL,NULL,NULL,'Y');
/*!40000 ALTER TABLE `access_master` ENABLE KEYS */;
UNLOCK TABLES;

--
-- Table structure for table `access_members`
--

DROP TABLE IF EXISTS `access_members`;
/*!40101 SET @saved_cs_client     = @@character_set_client */;
/*!40101 SET character_set_client = utf8 */;
CREATE TABLE `access_members` (
  `id` int(11) NOT NULL AUTO_INCREMENT,
  `hotel_id` int(11) DEFAULT NULL,
  `user_id` int(11) DEFAULT NULL,
  `email` varchar(200) DEFAULT NULL,
  `first_name` varchar(200) DEFAULT NULL,
  `last_name` varchar(200) DEFAULT NULL,
  `nick_name` varchar(200) DEFAULT NULL,
  `gender` enum('M','F') DEFAULT NULL,
  `password` varchar(200) DEFAULT NULL,
  `dob` datetime DEFAULT NULL,
  `date_time` datetime DEFAULT NULL,
  `active` enum('Y','N') DEFAULT 'Y',
  `last_update` datetime DEFAULT NULL,
  PRIMARY KEY (`id`),
  KEY `hotel_id` (`hotel_id`),
  KEY `email` (`email`),
  KEY `first_name` (`first_name`),
  KEY `last_name` (`last_name`),
  KEY `nick_name` (`nick_name`),
  KEY `active` (`active`)
) ENGINE=InnoDB AUTO_INCREMENT=129 DEFAULT CHARSET=latin1;
/*!40101 SET character_set_client = @saved_cs_client */;

--
-- Dumping data for table `access_members`
--

LOCK TABLES `access_members` WRITE;
/*!40000 ALTER TABLE `access_members` DISABLE KEYS */;
INSERT INTO `access_members` VALUES (1,1,90,'inhotel@mail.com','inhotel','new',NULL,NULL,NULL,NULL,'2015-04-30 23:00:25','Y','2015-04-30 23:00:25'),(2,1,93,'joyal@newagesmb.com','joyal','varghese',NULL,NULL,NULL,NULL,'2015-04-30 23:49:13','Y','2015-04-30 23:49:13'),(3,1,63,'galena70@gmail.com','gale','iva',NULL,NULL,NULL,NULL,'2015-05-01 05:48:31','Y','2015-05-01 05:48:31'),(4,27,98,'crux@mail.com','crux','tester',NULL,NULL,NULL,NULL,'2015-05-04 08:34:15','Y','2015-05-04 08:34:15'),(5,27,99,'drux@mail.com','drux','tester',NULL,NULL,NULL,NULL,'2015-05-04 08:43:36','Y','2015-05-04 08:43:36'),(6,27,105,'matt@mail.com','matt','test',NULL,NULL,NULL,NULL,'2015-05-05 10:49:15','Y','2015-05-05 10:49:15'),(7,27,106,'miller@mail.com','miller','test',NULL,NULL,NULL,NULL,'2015-05-06 07:31:56','Y','2015-05-06 07:31:56'),(8,27,107,'jeremy@mail.com','jeremy','test',NULL,NULL,NULL,NULL,'2015-05-06 16:09:42','Y','2015-05-06 16:09:42'),(9,27,108,'jjj@mail.com','jjj','test',NULL,NULL,NULL,NULL,'2015-05-07 08:44:09','Y','2015-05-07 08:44:09'),(10,27,109,'pete@mail.com','pete','Tester',NULL,NULL,NULL,NULL,'2015-05-11 09:04:47','Y','2015-05-11 09:04:47'),(11,27,110,'san@mail.com','san','tester',NULL,NULL,NULL,NULL,'2015-05-11 09:30:30','Y','2015-05-11 09:30:30'),(12,27,113,'ben@mail.com','ben','test',NULL,NULL,NULL,NULL,'2015-05-11 12:43:33','Y','2015-05-11 12:43:33'),(13,40,116,'lyon@mail.com','Lyon','Tester',NULL,NULL,NULL,NULL,'2015-05-12 10:14:56','Y','2015-05-12 10:14:56'),(14,40,117,'jyon@mail.com','jyon','test',NULL,NULL,NULL,NULL,'2015-05-12 10:17:11','Y','2015-05-12 10:17:11'),(15,27,0,'demo@mail.com','demo','tester',NULL,NULL,NULL,NULL,'2015-05-14 14:34:02','Y','2015-05-14 14:34:02'),(16,1,4,'guest1@hotel.com','Anu','Jose',NULL,NULL,NULL,NULL,'2015-05-15 01:29:56','Y','2015-05-15 01:29:56'),(17,1,5,'guest2@hotel.com','ajay','santhosh',NULL,NULL,NULL,NULL,'2015-05-15 01:31:06','Y','2015-05-15 01:31:06'),(18,27,120,'jacob@mail.com','Jacob','Tester',NULL,NULL,NULL,NULL,'2015-05-15 13:31:05','Y','2015-05-15 13:31:05'),(19,27,0,'test@mail.com','test','ww',NULL,NULL,NULL,NULL,'2015-05-16 01:54:43','Y','2015-05-16 01:54:43'),(20,27,123,'aj213@newagesmb.com','anitha','santhosh',NULL,NULL,NULL,NULL,'2015-05-22 03:59:45','Y','2015-05-22 03:59:45'),(21,27,82,'user@mail.com','User','Test',NULL,NULL,NULL,NULL,'2015-05-22 05:50:15','Y','2015-05-22 05:50:15'),(22,27,124,'uat@mail.com','user','test',NULL,NULL,NULL,NULL,'2015-05-22 05:53:55','Y','2015-05-22 05:53:55'),(23,27,128,'demo1@mail.com','demo1','test',NULL,NULL,NULL,NULL,'2015-05-22 10:11:04','Y','2015-05-22 10:11:04'),(24,27,129,'demo2@mail.com','demo2','test',NULL,NULL,NULL,NULL,'2015-05-22 10:12:16','Y','2015-05-22 10:12:16'),(25,27,130,'demo3@mail.com','demo3','test',NULL,NULL,NULL,NULL,'2015-05-22 10:33:20','Y','2015-05-22 10:33:20'),(26,27,131,'demo4@mail.com','demo4','test',NULL,NULL,NULL,NULL,'2015-05-22 10:36:55','Y','2015-05-22 10:36:55'),(27,27,132,'demo5@mail.com','Demo5','t',NULL,NULL,NULL,NULL,'2015-05-22 12:20:31','Y','2015-05-22 12:20:31'),(28,27,133,'demo6@mail.com','Demo6','T',NULL,NULL,NULL,NULL,'2015-05-22 13:01:45','Y','2015-05-22 13:01:45'),(29,27,136,'ranjith@mail.com','Ranjith','R',NULL,NULL,NULL,NULL,'2015-05-22 13:20:48','Y','2015-05-22 13:20:48'),(30,27,137,'test111@mail.com','test111','test',NULL,NULL,NULL,NULL,'2015-05-22 13:52:49','Y','2015-05-22 13:52:49'),(31,27,138,'test222@mail.com','test222','test',NULL,NULL,NULL,NULL,'2015-05-22 13:57:48','Y','2015-05-22 13:57:48'),(32,27,139,'test333@mail.com','test333','test',NULL,NULL,NULL,NULL,'2015-05-22 14:50:35','Y','2015-05-22 14:50:35'),(33,27,141,'test555@mail.com','test555','test',NULL,NULL,NULL,NULL,'2015-05-22 15:47:12','Y','2015-05-22 15:47:12'),(34,27,142,'test666@mail.com','test666','test',NULL,NULL,NULL,NULL,'2015-05-22 15:48:26','Y','2015-05-22 15:48:26'),(35,27,146,'new111@mail.com','new111','test',NULL,NULL,NULL,NULL,'2015-05-25 06:54:12','Y','2015-05-25 06:54:12'),(36,27,156,'inhotel1@mail.com','inhotel1','test',NULL,NULL,NULL,NULL,'2015-05-25 10:24:58','Y','2015-05-25 10:24:58'),(37,27,157,'inhotel2@mail.com','inhotel2','test',NULL,NULL,NULL,NULL,'2015-05-25 10:49:52','Y','2015-05-25 10:49:52'),(38,27,162,'guest1@inhotel.com','Guest1','test',NULL,NULL,NULL,NULL,'2015-05-25 15:37:19','Y','2015-05-25 15:37:19'),(39,27,163,'guest2@inhotel.com','Guest2','test',NULL,NULL,NULL,NULL,'2015-05-25 15:39:06','Y','2015-05-25 15:39:06'),(40,27,164,'guest3@inhotel.com','guest','test',NULL,NULL,NULL,NULL,'2015-05-26 07:15:39','Y','2015-05-26 07:15:39'),(41,27,165,'guest4@inhotel.com','guest4','test',NULL,NULL,NULL,NULL,'2015-05-26 07:17:35','Y','2015-05-26 07:17:35'),(42,27,168,'guest5@mail.com','guest','test',NULL,NULL,NULL,NULL,'2015-05-26 15:06:26','Y','2015-05-26 15:06:26'),(43,27,0,'guest@mail.com','guest','test',NULL,NULL,NULL,NULL,'2015-05-26 15:13:09','Y','2015-05-26 15:13:09'),(44,27,65,'new@mail.com','New','test',NULL,NULL,NULL,NULL,'2015-05-27 12:25:04','Y','2015-05-27 12:25:04'),(45,27,171,'new@inhotel.com','new','test',NULL,NULL,NULL,NULL,'2015-05-27 12:29:56','Y','2015-05-27 12:29:56'),(46,27,172,'new1@inhotel.com','new1','test',NULL,NULL,NULL,NULL,'2015-05-27 12:37:35','Y','2015-05-27 12:37:35'),(47,27,0,'test100@mail.com','test100','test',NULL,NULL,NULL,NULL,'2015-05-27 12:40:43','Y','2015-05-27 12:40:43'),(48,27,173,'jack@mail.com','jack','test',NULL,NULL,NULL,NULL,'2015-05-27 13:27:42','Y','2015-05-27 13:27:42'),(49,27,175,'derek@mail.com','Derek','test',NULL,NULL,NULL,NULL,'2015-05-28 11:00:10','Y','2015-05-28 11:00:10'),(50,27,176,'dave@mail.com','dave','tester',NULL,NULL,NULL,NULL,'2015-05-29 09:55:34','Y','2015-05-29 09:55:34'),(51,1,178,'eric@mail.com','eric','test',NULL,NULL,NULL,NULL,'2015-06-02 13:58:36','Y','2015-06-02 13:58:36'),(52,27,179,'umesh@newagesmb.com','Umesh','test',NULL,NULL,NULL,NULL,'2015-06-03 09:47:46','Y','2015-06-03 09:47:46'),(53,27,266,'asker@newagesmb.com','asker','test',NULL,NULL,NULL,NULL,'2015-06-03 10:12:39','Y','2015-06-03 10:12:39'),(54,27,181,'rich@mail.com','richard','test',NULL,NULL,NULL,NULL,'2015-06-03 10:58:12','Y','2015-06-03 10:58:12'),(55,1,191,'testing1@mail.com','testing1','test',NULL,NULL,NULL,NULL,'2015-06-03 12:29:55','Y','2015-06-03 12:29:55'),(56,1,183,'testing2@mail.com','testing2','test',NULL,NULL,NULL,NULL,'2015-06-03 12:33:23','Y','2015-06-03 12:33:23'),(57,1,185,'testing3@mail.com','testing3','test',NULL,NULL,NULL,NULL,'2015-06-03 13:13:05','Y','2015-06-03 13:13:05'),(58,1,186,'nithins@newagesmb.com','nithin','test',NULL,NULL,NULL,NULL,'2015-06-03 15:09:34','Y','2015-06-03 15:09:34'),(59,1,188,'testing4@mail.com','testing3','test',NULL,NULL,NULL,NULL,'2015-06-04 08:02:22','Y','2015-06-04 08:02:22'),(60,1,189,'testing5@mail.com','testing5','testing5',NULL,NULL,NULL,NULL,'2015-06-04 09:25:51','Y','2015-06-04 09:25:51'),(61,1,190,'testing6@mail.com','testing6','test',NULL,NULL,NULL,NULL,'2015-06-04 09:33:17','Y','2015-06-04 09:33:17'),(62,1,192,'tim@mail.com','Tim','test',NULL,NULL,NULL,NULL,'2015-06-05 14:50:42','Y','2015-06-05 14:50:42'),(63,1,193,'testing11@mail.com','testing11','test',NULL,NULL,NULL,NULL,'2015-06-08 15:38:50','Y','2015-06-08 15:38:50'),(64,1,194,'metcy@newagesmb.com','metcy','metcy',NULL,NULL,NULL,NULL,'2015-06-10 09:50:06','Y','2015-06-10 09:50:06'),(65,1,195,'james@mail.com','james','test',NULL,NULL,NULL,NULL,'2015-06-11 09:11:55','Y','2015-06-11 09:11:55'),(66,1,196,'devin@mail.com','devin','test',NULL,NULL,NULL,NULL,'2015-06-11 09:16:39','Y','2015-06-11 09:16:39'),(67,1,198,'uuu@mail.com','uuu','test',NULL,NULL,NULL,NULL,'2015-06-11 09:31:16','Y','2015-06-11 09:31:16'),(68,1,199,'rrr@mail.com','rrr','test',NULL,NULL,NULL,NULL,'2015-06-11 09:36:16','Y','2015-06-11 09:36:16'),(69,1,200,'sachin@newagesmb.com','sachin','Tendulker',NULL,NULL,NULL,NULL,'2015-06-11 09:50:22','Y','2015-06-11 09:50:22'),(70,49,216,'tony@mail.com','tony','test',NULL,NULL,NULL,NULL,'2015-06-17 08:46:42','Y','2015-06-17 08:46:42'),(71,49,217,'gio@mail.com','gio','test',NULL,NULL,NULL,NULL,'2015-06-17 09:28:21','Y','2015-06-17 09:28:21'),(72,52,0,'nivin@mail.com','Nivin','test',NULL,NULL,NULL,NULL,'2015-06-18 14:52:48','Y','2015-06-18 14:52:48'),(73,1,0,'g.ivanova@inhotel-app.com','galena','ivanova',NULL,NULL,NULL,NULL,'2015-06-18 16:46:52','Y','2015-06-18 16:46:52'),(74,1,0,'galena_iv@abv.bg','galena','ivanova',NULL,NULL,NULL,NULL,'2015-06-18 16:55:50','Y','2015-06-18 16:55:50'),(75,53,0,'had@mail.com','had','test',NULL,NULL,NULL,NULL,'2015-06-19 19:12:43','Y','2015-06-19 19:12:43'),(76,1,226,'davis@mail.com','davis','test',NULL,NULL,NULL,NULL,'2015-06-23 16:36:07','Y','2015-06-23 16:36:07'),(77,1,227,'veron@mail.com','veron','test',NULL,NULL,NULL,NULL,'2015-06-24 15:49:53','Y','2015-06-24 15:49:53'),(78,1,0,'alex@mail.com','alex','joseph',NULL,NULL,NULL,NULL,'2015-06-24 16:09:34','Y','2015-06-24 16:09:34'),(79,1,79,'jim@mail.com','jim','test',NULL,NULL,NULL,NULL,'2015-06-24 16:12:25','Y','2015-06-24 16:12:25'),(80,1,228,'sam@mail.com','sam','test',NULL,NULL,NULL,NULL,'2015-06-24 16:14:03','Y','2015-06-24 16:14:03'),(81,1,229,'ervin@mail.com','ervin','test',NULL,NULL,NULL,NULL,'2015-06-24 17:03:07','Y','2015-06-24 17:03:07'),(82,1,230,'aneesh@hotel.com','Aneesh','m',NULL,NULL,NULL,NULL,'2015-06-24 18:44:14','Y','2015-06-24 18:44:14'),(83,1,231,'bibin@hotel.com','bibin','m',NULL,NULL,NULL,NULL,'2015-06-24 19:55:23','Y','2015-06-24 19:55:23'),(84,1,232,'jonathan@mail.com','jonathan','test',NULL,NULL,NULL,NULL,'2015-06-24 21:16:28','Y','2015-06-24 21:16:28'),(85,49,0,'shaun@mail.com','shaun','test',NULL,NULL,NULL,NULL,'2015-06-25 16:15:54','Y','2015-06-25 16:15:54'),(86,1,237,'hamish@mail.com','hamish','test',NULL,NULL,NULL,NULL,'2015-06-25 18:38:05','Y','2015-06-25 18:38:05'),(87,1,238,'chris@mail.com','chris','test',NULL,NULL,NULL,NULL,'2015-06-26 14:45:42','Y','2015-06-26 14:45:42'),(88,1,240,'dda76dda@gmail.com','Davide','Dell\'Acqua',NULL,NULL,NULL,NULL,'2015-06-26 18:44:00','Y','2015-06-26 18:44:00'),(89,1,240,'dda76dda@gmail.com','Davide','Dell\'Acqua',NULL,NULL,NULL,NULL,'2015-06-26 18:44:00','Y','2015-06-26 18:44:00'),(90,58,0,'one@mail.com','one','test',NULL,NULL,NULL,NULL,'2015-06-30 14:43:03','Y','2015-06-30 14:43:03'),(91,58,0,'two@mail.com','asa','asa',NULL,NULL,NULL,NULL,'2015-06-30 14:45:04','Y','2015-06-30 14:45:04'),(92,58,0,'asd@mail.com','sad','sad',NULL,NULL,NULL,NULL,'2015-06-30 14:54:46','Y','2015-06-30 14:54:46'),(93,59,0,'add@mail.com','add','test',NULL,NULL,NULL,NULL,'2015-06-30 15:01:46','Y','2015-06-30 15:01:46'),(94,59,243,'sub@mail.com','sub','test',NULL,NULL,NULL,NULL,'2015-06-30 15:04:25','Y','2015-06-30 15:04:25'),(95,59,0,'uat@mail.com','uat','test',NULL,NULL,NULL,NULL,'2015-06-30 15:06:23','Y','2015-06-30 15:06:23'),(96,59,0,'ppp@mail.com','ppp','ttt',NULL,NULL,NULL,NULL,'2015-06-30 15:33:07','Y','2015-06-30 15:33:07'),(97,59,0,'yyy@mail.com','yyy','test',NULL,NULL,NULL,NULL,'2015-06-30 15:35:42','Y','2015-06-30 15:35:42'),(98,59,187,'ddd@mail.com','ddd','test',NULL,NULL,NULL,NULL,'2015-06-30 17:51:39','Y','2015-06-30 17:51:39'),(99,59,0,'fgd@mail.com','fgh','fggf',NULL,NULL,NULL,NULL,'2015-06-30 17:56:15','Y','2015-06-30 17:56:15'),(100,59,0,'jkk@mail.com','jk','test',NULL,NULL,NULL,NULL,'2015-06-30 18:03:56','Y','2015-06-30 18:03:56'),(101,59,0,'fgfg@mail.com','fgfg','fgfg',NULL,NULL,NULL,NULL,'2015-07-01 13:27:31','Y','2015-07-01 13:27:31'),(102,59,0,'kjl@mail.com','kjl','test',NULL,NULL,NULL,NULL,'2015-07-01 15:17:19','Y','2015-07-01 15:17:19'),(103,59,0,'jhh@mail.com','fdfg','dfgdfg',NULL,NULL,NULL,NULL,'2015-07-01 15:34:05','Y','2015-07-01 15:34:05'),(104,59,0,'hkhj@mail.com','hgj','ghj',NULL,NULL,NULL,NULL,'2015-07-01 15:36:44','Y','2015-07-01 15:36:44'),(105,1,245,'vimal@mail.com','vimal','test',NULL,NULL,NULL,NULL,'2015-07-02 18:45:50','Y','2015-07-02 18:45:50'),(106,1,251,'sean@mail.com','sean','test',NULL,NULL,NULL,NULL,'2015-07-02 19:02:10','Y','2015-07-02 19:02:10'),(107,1,254,'andy@mail.com','andy','test',NULL,NULL,NULL,NULL,'2015-07-02 19:24:19','Y','2015-07-02 19:24:19'),(108,1,255,'greig@mail.com','greig','test',NULL,NULL,NULL,NULL,'2015-07-02 19:29:26','Y','2015-07-02 19:29:26'),(109,1,256,'bos@mail.com','bos','test',NULL,NULL,NULL,NULL,'2015-07-02 19:35:22','Y','2015-07-02 19:35:22'),(110,1,257,'stephan@mail.com','stephan','test',NULL,NULL,NULL,NULL,'2015-07-02 19:37:43','Y','2015-07-02 19:37:43'),(111,1,258,'kris@mail.com','kris','test',NULL,NULL,NULL,NULL,'2015-07-02 19:42:15','Y','2015-07-02 19:42:15'),(112,1,259,'novac@mail.com','novac','test',NULL,NULL,NULL,NULL,'2015-07-02 20:16:14','Y','2015-07-02 20:16:14'),(113,1,260,'henry@mail.com','henry','test',NULL,NULL,NULL,NULL,'2015-07-02 20:28:11','Y','2015-07-02 20:28:11'),(114,59,261,'gary@mail.com','Gary','Test',NULL,NULL,NULL,NULL,'2015-07-03 13:20:43','Y','2015-07-03 13:20:43'),(115,60,0,'brendon@mail.com','Brendon','test',NULL,NULL,NULL,NULL,'2015-07-03 13:29:15','Y','2015-07-03 13:29:15'),(116,60,0,'van@mail.com','van','tester',NULL,NULL,NULL,NULL,'2015-07-03 13:33:55','Y','2015-07-03 13:33:55'),(117,59,263,'ric@mail.com','ric','test',NULL,NULL,NULL,NULL,'2015-07-03 18:17:53','Y','2015-07-03 18:17:53'),(118,1,264,'ligin@mail.com','ligin','test',NULL,NULL,NULL,NULL,'2015-07-06 18:10:36','Y','2015-07-06 18:10:36'),(119,1,266,'asker@newagesmb.com','asker','tester',NULL,NULL,NULL,NULL,'2015-07-07 16:43:36','Y','2015-07-07 16:43:36'),(120,1,0,'sistozzi@hotmail.com','andrea ','sisti',NULL,NULL,NULL,NULL,'2015-07-10 09:32:25','Y','2015-07-10 09:32:25'),(121,1,270,'andrea.sisti@smcitalia.eu','andrea','sisti',NULL,NULL,NULL,NULL,'2015-07-11 11:32:48','Y','2015-07-11 11:32:48'),(122,1,63,'galena70@gmail.com','galena','ivanova',NULL,NULL,NULL,NULL,'2015-07-13 09:21:37','Y','2015-07-13 09:21:37'),(123,1,277,'thebrandenco@gmail.com','Katie','Katie',NULL,NULL,NULL,NULL,'2015-10-13 18:25:04','Y','2015-10-13 18:25:04'),(124,69,63,'galena70@gmail.com','galena','ivanova',NULL,NULL,NULL,NULL,'2015-12-05 10:52:44','Y','2015-12-05 10:52:44'),(125,61,63,'galena70@gmail.com','galena','test',NULL,NULL,NULL,NULL,'2016-03-08 10:38:51','Y','2016-03-08 10:38:51'),(126,61,303,'davidedellacqua76@gmail.com','davide','dellacqua',NULL,NULL,NULL,NULL,'2016-03-08 10:52:13','Y','2016-03-08 10:52:13'),(127,61,308,'gl@studiogiuseppelepore.it','giuseppe','lepore',NULL,NULL,NULL,NULL,'2016-03-11 16:31:27','Y','2016-03-11 16:31:27'),(128,61,63,'galena70@gmail.com','Galena','Ivanova',NULL,NULL,NULL,NULL,'2016-03-15 18:13:25','Y','2016-03-15 18:13:25');
/*!40000 ALTER TABLE `access_members` ENABLE KEYS */;
UNLOCK TABLES;

--
-- Table structure for table `activation_code_master`
--

DROP TABLE IF EXISTS `activation_code_master`;
/*!40101 SET @saved_cs_client     = @@character_set_client */;
/*!40101 SET character_set_client = utf8 */;
CREATE TABLE `activation_code_master` (
  `id` int(11) NOT NULL AUTO_INCREMENT,
  `hotel_id` int(11) DEFAULT NULL,
  `staff_id` int(11) DEFAULT NULL,
  `user_id` int(11) DEFAULT NULL,
  `access_id` int(11) DEFAULT NULL,
  `activation_code` varchar(50) DEFAULT NULL,
  `activation_start_time` datetime DEFAULT NULL,
  `activation_close_time` datetime DEFAULT NULL,
  `access_start_time` datetime DEFAULT NULL,
  `access_close_time` datetime DEFAULT NULL,
  `date_time` datetime DEFAULT NULL,
  `active` enum('Y','N') DEFAULT 'Y',
  PRIMARY KEY (`id`),
  KEY `hotel_id` (`hotel_id`),
  KEY `staff_id` (`staff_id`),
  KEY `activation_code` (`activation_code`),
  KEY `active` (`active`),
  KEY `activation_start_time` (`activation_start_time`),
  KEY `activation_close_time` (`activation_close_time`),
  KEY `access_start_time` (`access_start_time`),
  KEY `access_close_time` (`access_close_time`)
) ENGINE=InnoDB AUTO_INCREMENT=225 DEFAULT CHARSET=latin1;
/*!40101 SET character_set_client = @saved_cs_client */;

--
-- Dumping data for table `activation_code_master`
--

LOCK TABLES `activation_code_master` WRITE;
/*!40000 ALTER TABLE `activation_code_master` DISABLE KEYS */;
INSERT INTO `activation_code_master` VALUES (1,1,0,90,1,'3275410772',NULL,NULL,'2015-04-30 08:28:00','2015-07-31 08:28:00','2015-04-30 23:01:04','Y'),(2,1,0,90,2,'5153444864',NULL,NULL,'2015-05-01 08:49:00','2015-05-30 08:49:00','2015-04-30 23:21:51','Y'),(3,1,0,93,3,'2440990867',NULL,NULL,'2015-04-30 09:17:00','2015-06-26 09:17:00','2015-04-30 23:49:25','Y'),(4,1,0,63,4,'1496378133',NULL,NULL,'2015-05-01 11:45:00','2016-05-08 11:48:00','2015-05-01 05:48:49','Y'),(5,27,0,98,5,'4406981377',NULL,NULL,'2015-05-04 05:00:00','2015-05-31 18:00:00','2015-05-04 08:34:38','Y'),(6,27,0,99,6,'6244245382',NULL,NULL,'2015-05-04 05:00:00','2015-08-31 18:11:00','2015-05-04 08:43:47','Y'),(7,27,0,99,7,'8845107195',NULL,NULL,'2015-05-04 04:00:00','2015-05-31 18:30:00','2015-05-04 08:45:16','Y'),(8,27,0,105,0,'4838046356',NULL,NULL,'2015-05-16 11:11:00','2015-05-19 11:11:00','2015-05-05 10:49:32','Y'),(9,27,0,106,9,'9367921240',NULL,NULL,'2015-05-06 03:00:00','2015-05-31 00:00:00','2015-05-06 07:32:22','Y'),(10,27,0,107,10,'7119574795',NULL,NULL,'2015-05-07 00:00:00','2015-06-01 00:00:00','2015-05-06 16:10:05','Y'),(11,27,0,108,0,'4448818663',NULL,NULL,'2015-05-16 11:10:00','2015-05-17 13:15:00','2015-05-07 08:44:25','Y'),(12,27,0,108,12,'8585566042',NULL,NULL,'2015-05-07 05:00:00','2015-05-31 18:16:00','2015-05-07 08:45:59','Y'),(13,27,0,109,13,'8063693452',NULL,NULL,'2015-05-11 04:00:00','2015-08-31 05:00:00','2015-05-11 09:05:24','Y'),(14,27,0,110,14,'9082812141',NULL,NULL,'2015-05-11 05:00:00','2015-05-31 20:00:00','2015-05-11 09:30:48','Y'),(15,27,0,113,15,'8586199560',NULL,NULL,'2015-05-11 05:00:00','2016-05-31 18:00:00','2015-05-11 12:43:54','Y'),(16,40,0,116,16,'5008799644',NULL,NULL,'2015-05-12 05:00:00','2015-05-31 19:45:00','2015-05-12 10:15:11','Y'),(17,40,0,117,17,'1562862416',NULL,NULL,'2015-05-12 05:00:00','2015-05-31 19:00:00','2015-05-12 10:17:38','Y'),(18,27,0,98,18,'2907616524',NULL,NULL,'2015-05-13 05:00:00','2015-05-31 19:09:00','2015-05-13 09:39:44','Y'),(19,27,0,0,19,'4851942016',NULL,NULL,'2015-05-15 00:00:00','2015-05-31 00:04:00','2015-05-14 14:34:28','Y'),(20,27,0,98,20,'2753515549',NULL,NULL,'2015-05-15 00:00:00','2015-06-01 00:13:00','2015-05-14 14:43:52','Y'),(21,1,0,4,21,'1133175848',NULL,NULL,'2015-05-15 01:30:00','2015-09-30 14:00:00','2015-05-15 01:30:08','Y'),(22,1,0,5,22,'3622954115',NULL,NULL,'2015-05-15 01:31:00','2016-05-13 01:31:00','2015-05-15 01:31:19','Y'),(23,27,0,120,23,'6674169769',NULL,NULL,'2015-05-15 04:00:00','2015-05-31 23:01:00','2015-05-15 13:31:32','Y'),(24,27,0,105,24,'2157919212',NULL,NULL,'2015-05-16 11:13:00','2015-05-23 11:13:00','2015-05-16 01:43:47','Y'),(25,27,0,106,25,'4225074963',NULL,NULL,'2015-05-16 11:15:00','2015-05-23 11:16:00','2015-05-16 01:46:26','Y'),(26,27,0,108,26,'3534824492',NULL,NULL,'2015-05-16 11:30:00','2015-05-18 11:21:00','2015-05-16 01:51:27','Y'),(27,27,0,0,27,'8724261812',NULL,NULL,'2015-05-16 11:24:00','2015-05-17 11:24:00','2015-05-16 01:54:52','Y'),(28,27,0,107,28,'2688048171',NULL,NULL,'2015-05-18 18:15:00','2015-05-29 18:15:00','2015-05-18 08:46:02','Y'),(29,27,0,98,29,'1857989355',NULL,NULL,'2015-05-21 04:00:00','2015-06-30 19:42:00','2015-05-21 10:12:54','Y'),(30,27,0,99,30,'2339606653',NULL,NULL,'2015-05-21 04:00:00','2015-06-30 15:00:00','2015-05-21 10:14:22','Y'),(31,27,48,123,31,'9475300241',NULL,NULL,'2015-05-22 00:45:00','2016-05-22 00:00:00','2015-05-22 03:59:57','Y'),(32,27,0,82,32,'4213335174',NULL,NULL,'2015-05-22 04:00:00','2015-06-30 16:00:00','2015-05-22 05:50:43','Y'),(33,27,0,124,33,'6721256818',NULL,NULL,'2015-05-22 03:00:00','2015-06-30 15:24:00','2015-05-22 05:54:41','Y'),(34,27,0,128,34,'2329271837',NULL,NULL,'2015-05-22 03:00:00','2015-06-30 19:40:00','2015-05-22 10:11:22','Y'),(35,27,0,129,35,'8592796631',NULL,NULL,'2015-05-22 04:00:00','2015-06-30 19:45:00','2015-05-22 10:12:33','Y'),(36,27,0,130,36,'1472405720',NULL,NULL,'2015-05-22 03:00:00','2015-06-30 20:03:00','2015-05-22 10:33:36','Y'),(37,27,0,131,37,'6295297605',NULL,NULL,'2015-05-22 03:00:00','2015-06-30 20:06:00','2015-05-22 10:37:10','Y'),(38,27,0,132,38,'2579101067',NULL,NULL,'2015-05-22 04:00:00','2015-06-30 21:50:00','2015-05-22 12:20:52','Y'),(39,27,0,133,40,'7121169405',NULL,NULL,'2015-05-22 05:45:00','2015-06-30 22:33:00','2015-05-22 13:03:43','Y'),(40,27,0,133,40,'4534572627',NULL,NULL,'2015-05-22 05:45:00','2015-06-30 22:33:00','2015-05-22 13:03:50','Y'),(41,27,0,136,41,'2527069366',NULL,NULL,'2015-05-22 02:00:00','2015-07-31 22:50:00','2015-05-22 13:21:01','Y'),(42,27,0,137,42,'9844791471',NULL,NULL,'2015-05-22 04:00:00','2015-06-30 23:22:00','2015-05-22 13:53:09','Y'),(43,27,0,138,43,'1608271284',NULL,NULL,'2015-05-22 05:00:00','2015-06-30 23:27:00','2015-05-22 13:58:04','Y'),(44,27,0,139,44,'4650613756',NULL,NULL,'2015-05-22 04:20:00','2015-06-30 00:20:00','2015-05-22 14:51:00','Y'),(45,27,0,141,45,'4650124530',NULL,NULL,'2015-05-22 04:00:00','2015-06-30 01:16:00','2015-05-22 15:47:25','Y'),(46,27,0,142,46,'1393775289',NULL,NULL,'2015-05-22 04:15:00','2015-06-30 01:18:00','2015-05-22 15:48:37','Y'),(47,27,48,146,47,'4694960920',NULL,NULL,'2015-05-25 04:00:00','2015-06-30 23:45:00','2015-05-25 06:54:39','Y'),(48,27,48,156,48,'3073452094',NULL,NULL,'2015-05-25 04:00:00','2015-06-30 11:45:00','2015-05-25 10:25:27','Y'),(49,27,48,157,49,'3811247079',NULL,NULL,'2015-05-25 04:00:00','2015-06-30 23:15:00','2015-05-25 10:50:09','Y'),(50,27,161,162,50,'9582240043',NULL,NULL,'2015-05-25 01:06:00','2015-06-30 01:06:00','2015-05-25 15:37:28','Y'),(51,27,161,163,51,'8025224345',NULL,NULL,'2015-05-25 01:08:00','2015-06-30 01:08:00','2015-05-25 15:39:14','Y'),(52,27,48,164,52,'1268160972',NULL,NULL,'2015-05-26 02:00:00','2015-05-31 16:45:00','2015-05-26 07:15:55','Y'),(53,27,48,165,53,'7528418505',NULL,NULL,'2015-05-26 04:00:00','2015-06-30 16:47:00','2015-05-26 07:17:51','Y'),(54,27,48,168,54,'9851182988',NULL,NULL,'2015-05-26 00:35:00','2015-06-30 00:36:00','2015-05-26 15:06:49','Y'),(56,27,48,65,56,'6480295033',NULL,NULL,'2015-05-27 04:00:00','2015-07-30 21:54:00','2015-05-27 12:25:23','Y'),(57,27,48,171,57,'9165787084',NULL,NULL,'2015-05-27 04:00:00','2015-06-30 21:59:00','2015-05-27 12:30:16','Y'),(58,27,48,172,58,'1745572056',NULL,NULL,'2015-05-27 05:00:00','2015-05-31 22:07:00','2015-05-27 12:37:49','Y'),(59,27,48,0,59,'2786237191',NULL,NULL,'2015-05-27 02:00:00','2015-06-30 22:10:00','2015-05-27 12:40:59','Y'),(60,27,0,173,60,'5704638986',NULL,NULL,'2015-05-27 03:00:00','2015-06-30 22:57:00','2015-05-27 13:27:55','Y'),(61,27,48,175,61,'3434520487',NULL,NULL,'2015-05-28 03:00:00','2015-06-30 20:29:00','2015-05-28 11:00:37','Y'),(62,27,48,176,62,'1116239585',NULL,NULL,'2015-05-29 04:00:00','2015-06-30 19:25:00','2015-05-29 09:55:54','Y'),(63,1,2,178,63,'1974007603',NULL,NULL,'2015-06-02 04:00:00','2015-06-30 23:27:00','2015-06-02 13:58:53','Y'),(64,27,48,179,64,'3479155599',NULL,NULL,'2015-06-03 04:00:00','2015-06-30 21:00:00','2015-06-03 09:48:05','Y'),(65,27,48,266,65,'5637906371',NULL,NULL,'2015-06-03 04:00:00','2015-06-30 19:41:00','2015-06-03 10:12:51','Y'),(66,27,48,181,66,'3312577158',NULL,NULL,'2015-06-03 04:00:00','2015-06-30 20:27:00','2015-06-03 10:58:29','Y'),(67,1,2,191,67,'7594633768',NULL,NULL,'2015-06-03 04:00:00','2015-06-30 21:59:00','2015-06-03 12:30:11','Y'),(68,1,2,183,68,'5318633951',NULL,NULL,'2015-06-03 04:00:00','2015-06-30 22:02:00','2015-06-03 12:33:37','Y'),(69,1,2,185,69,'5219540430',NULL,NULL,'2015-06-03 03:00:00','2015-06-30 22:42:00','2015-06-03 13:13:22','Y'),(70,1,2,186,70,'9926736570',NULL,NULL,'2015-06-03 03:00:00','2015-06-30 00:38:00','2015-06-03 15:09:49','Y'),(71,1,2,188,71,'8476976789',NULL,NULL,'2015-06-04 04:00:00','2015-06-30 17:31:00','2015-06-04 08:02:40','Y'),(72,1,2,189,72,'3502934198',NULL,NULL,'2015-06-04 04:00:00','2015-07-31 18:01:00','2015-06-04 09:26:04','Y'),(73,1,2,190,73,'2363724919',NULL,NULL,'2015-06-04 02:00:00','2015-06-30 23:45:00','2015-06-04 09:33:41','Y'),(74,1,0,192,74,'9059653936',NULL,NULL,'2015-06-06 00:19:00','2015-06-30 00:19:00','2015-06-05 14:51:01','Y'),(75,1,2,193,75,'2628534237',NULL,NULL,'2015-06-09 02:00:00','2015-06-30 01:07:00','2015-06-08 15:39:08','Y'),(76,1,0,194,76,'8842753672',NULL,NULL,'2015-06-10 09:48:00','2016-06-02 09:48:00','2015-06-10 09:50:32','Y'),(77,1,2,195,77,'5292884541',NULL,NULL,'2015-06-11 02:00:00','2015-06-30 18:40:00','2015-06-11 09:12:17','Y'),(78,1,2,196,78,'7031571964',NULL,NULL,'2015-06-11 03:00:00','2015-06-30 18:45:00','2015-06-11 09:16:53','Y'),(79,1,2,198,79,'1308070491',NULL,NULL,'2015-06-11 02:00:00','2015-06-30 18:59:00','2015-06-11 09:31:26','Y'),(80,1,2,199,80,'7359243685',NULL,NULL,'2015-06-11 04:00:00','2015-06-30 19:04:00','2015-06-11 09:36:27','Y'),(81,1,2,200,81,'6072644193',NULL,NULL,'2015-06-11 05:00:00','2015-06-30 19:19:00','2015-06-11 09:50:35','Y'),(82,49,214,216,82,'5158662522',NULL,NULL,'2015-06-17 01:00:00','2015-07-31 18:15:00','2015-06-17 08:46:57','Y'),(83,49,0,217,83,'3120095613',NULL,NULL,'2015-06-17 02:00:00','2015-07-31 18:57:00','2015-06-17 09:28:47','Y'),(84,52,0,0,0,'8289207973',NULL,NULL,'2015-06-18 05:00:00','2015-07-31 20:22:00','2015-06-18 14:53:05','Y'),(85,1,0,0,85,'7843637743',NULL,NULL,'2015-06-18 18:47:00','2015-06-21 18:47:00','2015-06-18 16:47:46','Y'),(86,1,0,0,87,'8261405188',NULL,NULL,'2015-06-18 18:45:00','2015-06-25 18:59:00','2015-06-18 16:59:26','Y'),(87,1,0,0,88,'6031047842',NULL,NULL,'2015-06-18 01:30:00','2015-06-26 19:01:00','2015-06-18 17:01:42','Y'),(88,53,0,0,89,'4667287816',NULL,NULL,'2015-06-19 22:40:00','2015-07-31 22:41:00','2015-06-19 19:13:39','Y'),(89,1,2,226,90,'2092422478',NULL,NULL,'2015-06-23 16:00:00','2015-07-31 20:04:00','2015-06-23 16:36:59','Y'),(90,1,2,227,91,'9993617737',NULL,NULL,'2015-06-24 15:00:00','2015-07-31 15:00:00','2015-06-24 15:51:59','Y'),(91,1,2,0,93,'6220390705',NULL,NULL,'2015-06-24 15:00:00','2015-07-31 15:00:00','2015-06-24 16:11:03','Y'),(92,1,2,79,94,'5973967392',NULL,NULL,'2015-06-24 15:00:00','2015-07-31 15:00:00','2015-06-24 16:12:52','Y'),(93,1,2,228,95,'3296266856',NULL,NULL,'2015-06-24 15:00:00','2015-07-31 15:00:00','2015-06-24 16:14:20','Y'),(94,1,2,229,96,'8227374760',NULL,NULL,'2015-06-24 15:00:00','2015-07-31 15:00:00','2015-06-24 17:03:28','Y'),(95,1,2,230,97,'6175221817',NULL,NULL,'2015-06-24 10:00:00','2016-08-24 22:15:00','2015-06-24 18:44:42','Y'),(96,1,2,231,98,'8789435811',NULL,NULL,'2015-06-24 09:15:00','2015-09-24 23:15:00','2015-06-24 19:55:48','Y'),(97,1,2,232,100,'5584715228',NULL,NULL,'2015-06-24 21:15:00','2015-07-31 21:15:00','2015-06-24 21:18:02','Y'),(98,49,0,0,101,'5510527466',NULL,NULL,'2015-06-25 16:00:00','2015-07-31 19:43:00','2015-06-25 16:16:08','Y'),(99,1,0,63,102,'6344467906',NULL,NULL,'2015-06-25 16:49:00','2015-06-25 17:00:00','2015-06-25 16:49:54','Y'),(100,1,0,63,103,'3949395269',NULL,NULL,'2015-06-25 16:45:00','2015-06-25 17:15:00','2015-06-25 16:59:49','Y'),(101,1,0,63,104,'5923303783',NULL,NULL,'2015-06-25 17:00:00','2015-06-25 17:30:00','2015-06-25 17:02:12','Y'),(102,1,2,237,105,'1806054040',NULL,NULL,'2015-06-25 18:00:00','2015-08-31 22:06:00','2015-06-25 18:38:21','Y'),(103,1,2,238,106,'1630569108',NULL,NULL,'2015-06-26 14:00:00','2015-07-31 15:00:00','2015-06-26 14:46:39','Y'),(104,1,0,240,109,'8374667486',NULL,NULL,'2015-06-27 09:20:00','2015-07-04 23:45:00','2015-06-27 09:20:49','Y'),(105,1,0,63,111,'4180946428',NULL,NULL,'2015-06-27 09:33:00','2015-07-29 10:45:00','2015-06-27 09:34:11','Y'),(106,1,0,193,112,'1649695965',NULL,NULL,'2015-06-30 06:30:00','2015-09-19 07:00:00','2015-06-30 12:29:55','Y'),(107,1,0,193,113,'8135293502',NULL,NULL,'2015-06-30 06:30:00','2015-08-06 07:00:00','2015-06-30 12:33:29','Y'),(108,1,0,196,114,'1575379715',NULL,NULL,'2015-06-30 06:30:00','2015-11-25 07:00:00','2015-06-30 12:35:52','Y'),(109,1,0,188,115,'5162746703',NULL,NULL,'2015-06-30 06:30:00','2015-07-30 07:00:00','2015-06-30 12:43:53','Y'),(110,1,0,195,116,'3119693584',NULL,NULL,'2015-06-30 06:00:00','2015-09-30 07:00:00','2015-06-30 12:44:52','Y'),(111,1,0,192,117,'4677807870',NULL,NULL,'2015-06-30 00:00:00','2015-09-30 01:00:00','2015-06-30 12:46:31','Y'),(112,1,0,185,118,'3756395545',NULL,NULL,'2015-06-30 00:00:00','2015-08-30 01:00:00','2015-06-30 05:55:00','Y'),(113,1,0,190,119,'1164025846',NULL,NULL,'2015-06-30 15:30:00','2015-08-07 07:30:00','2015-06-30 16:28:33','Y'),(114,58,0,0,123,'3867650371',NULL,NULL,'2015-06-30 11:15:00','2015-07-30 11:13:00','2015-06-30 07:46:10','Y'),(115,58,0,0,124,'7612061219',NULL,NULL,'2015-06-30 11:22:00','2015-07-30 11:22:00','2015-06-30 07:54:58','Y'),(116,59,0,0,127,'3449760758',NULL,NULL,'2015-06-30 18:30:00','2015-07-30 18:30:00','2015-06-30 15:02:46','Y'),(117,59,0,243,128,'3516514446',NULL,NULL,'2015-06-30 18:32:00','2015-08-31 18:32:00','2015-06-30 15:04:35','Y'),(118,59,0,0,129,'2226291203',NULL,NULL,'2015-06-30 18:34:00','2015-08-31 18:34:00','2015-06-30 15:06:34','Y'),(119,59,0,0,0,'5054203296',NULL,NULL,'2015-06-30 18:02:00','2015-07-30 17:00:00','2015-06-30 14:33:21','Y'),(120,59,0,0,131,'6923664514',NULL,NULL,'2015-07-01 02:33:00','2015-08-01 02:33:00','2015-06-30 23:05:51','Y'),(121,59,0,0,132,'1310492112',NULL,NULL,'2015-07-03 02:35:00','2015-10-01 02:35:00','2015-06-30 23:07:35','Y'),(122,59,0,187,133,'1807083677',NULL,NULL,'2015-06-30 15:19:00','2015-08-31 15:19:00','2015-06-30 11:51:57','Y'),(123,59,0,0,135,'2783733465',NULL,NULL,'2015-06-30 17:00:00','2015-08-31 15:30:00','2015-06-30 12:04:23','Y'),(124,1,0,183,136,'3695740223',NULL,NULL,'2015-07-01 16:45:00','2015-08-01 16:45:00','2015-07-01 13:12:25','Y'),(125,1,0,191,137,'4926894153',NULL,NULL,'2015-08-01 16:45:00','2015-10-01 16:45:00','2015-07-01 13:15:20','Y'),(126,1,0,183,138,'7545820669',NULL,NULL,'2015-07-01 11:30:00','2015-10-14 11:30:00','2015-07-01 13:26:07','Y'),(127,59,0,0,139,'6388570699',NULL,NULL,'2015-07-01 09:00:00','2015-08-31 09:00:00','2015-07-01 07:28:16','Y'),(128,1,2,195,141,'1188376272',NULL,NULL,'2015-07-01 17:15:00','2015-08-31 17:15:00','2015-07-01 13:44:27','Y'),(129,1,0,185,142,'4695383579',NULL,NULL,'2015-07-01 21:00:00','2015-09-10 21:00:00','2015-07-01 13:48:40','Y'),(130,1,2,195,145,'8755220514',NULL,NULL,'2015-07-01 14:00:00','2015-08-31 19:00:00','2015-07-01 14:44:12','Y'),(131,1,0,183,146,'4107403490',NULL,NULL,'2015-07-01 15:00:00','2018-10-01 15:00:00','2015-07-01 18:14:59','Y'),(132,59,0,0,148,'2141639913',NULL,NULL,'2015-07-01 12:45:00','2015-08-31 12:45:00','2015-07-01 15:17:38','Y'),(133,1,0,188,147,'3806566157',NULL,NULL,'2015-07-01 01:30:00','2015-11-01 02:30:00','2015-07-01 15:19:28','Y'),(134,59,0,0,149,'6701942934',NULL,NULL,'2015-07-01 09:00:00','2015-07-31 09:00:00','2015-07-01 15:34:55','Y'),(135,59,0,0,150,'2316443315',NULL,NULL,'2015-07-01 03:00:00','2015-08-31 13:04:00','2015-07-01 15:37:04','Y'),(136,1,0,196,151,'7596935244',NULL,NULL,'2015-07-01 08:00:00','2015-08-01 02:45:00','2015-07-01 15:50:49','Y'),(137,1,2,196,152,'3149641636',NULL,NULL,'2015-07-01 07:00:00','2015-08-31 07:00:00','2015-07-01 16:07:35','Y'),(138,1,2,196,152,'6189413128',NULL,NULL,'2015-07-01 07:00:00','2015-08-31 07:00:00','2015-07-01 16:07:45','Y'),(139,1,2,196,152,'8560464200',NULL,NULL,'2015-07-01 07:00:00','2015-08-31 07:00:00','2015-07-01 16:07:46','Y'),(140,1,2,196,152,'1167755540',NULL,NULL,'2015-07-01 07:00:00','2015-08-31 07:00:00','2015-07-01 16:08:28','Y'),(141,1,2,196,152,'9503918749',NULL,NULL,'2015-07-01 07:00:00','2015-08-31 07:00:00','2015-07-01 16:08:28','Y'),(142,1,2,196,152,'3923223080',NULL,NULL,'2015-07-01 07:00:00','2015-08-31 07:00:00','2015-07-01 16:08:28','Y'),(143,1,2,196,152,'8422839902',NULL,NULL,'2015-07-01 07:00:00','2015-08-31 07:00:00','2015-07-01 16:08:29','Y'),(144,1,2,196,152,'2661093643',NULL,NULL,'2015-07-01 07:00:00','2015-08-31 07:00:00','2015-07-01 16:08:29','Y'),(145,1,2,196,152,'7446664633',NULL,NULL,'2015-07-01 07:00:00','2015-08-31 07:00:00','2015-07-01 16:08:29','Y'),(146,1,2,196,152,'5716902824',NULL,NULL,'2015-07-01 07:00:00','2015-08-31 07:00:00','2015-07-01 16:08:30','Y'),(147,1,2,196,152,'7333779376',NULL,NULL,'2015-07-01 07:00:00','2015-08-31 07:00:00','2015-07-01 16:08:30','Y'),(148,1,2,196,152,'4124518123',NULL,NULL,'2015-07-01 07:00:00','2015-08-31 07:00:00','2015-07-01 16:08:30','Y'),(149,1,2,196,152,'8556113507',NULL,NULL,'2015-07-01 07:00:00','2015-08-31 07:00:00','2015-07-01 16:08:30','Y'),(150,1,0,190,153,'4813920114',NULL,NULL,'2015-07-01 11:00:00','2015-07-01 12:15:00','2015-07-01 16:30:38','Y'),(151,1,2,195,154,'7583168608',NULL,NULL,'2015-07-01 16:00:00','2015-07-31 16:00:00','2015-07-01 16:37:14','Y'),(152,1,2,196,155,'8467816271',NULL,NULL,'2015-07-01 16:00:00','2015-07-31 16:00:00','2015-07-01 16:38:42','Y'),(153,59,0,243,156,'8745109298',NULL,NULL,'2015-07-01 11:30:00','2015-08-31 11:30:00','2015-07-01 17:46:16','Y'),(154,59,0,243,157,'7635434493',NULL,NULL,'2015-07-01 21:21:00','2015-08-31 21:21:00','2015-07-01 17:54:26','Y'),(155,1,2,195,158,'6363057895',NULL,NULL,'2015-07-01 23:43:00','2015-08-31 23:43:00','2015-07-01 20:16:02','Y'),(156,1,2,196,160,'1544525478',NULL,NULL,'2015-07-01 14:39:00','2015-08-31 14:39:00','2015-07-01 20:41:39','Y'),(157,1,2,195,161,'2943783741',NULL,NULL,'2015-07-01 14:41:00','2015-08-31 14:41:00','2015-07-01 20:43:42','Y'),(158,59,0,243,162,'3572219221',NULL,NULL,'2015-07-02 16:30:00','2015-08-31 16:30:00','2015-07-02 13:05:39','Y'),(159,59,0,243,163,'6303783903',NULL,NULL,'2015-07-02 13:00:00','2015-08-31 16:30:00','2015-07-02 13:15:06','Y'),(160,59,0,243,164,'6952943027',NULL,NULL,'2015-07-02 13:30:00','2015-09-30 13:30:00','2015-07-02 13:28:48','Y'),(161,1,2,245,165,'3082429762',NULL,NULL,'2015-07-02 12:00:00','2015-09-30 12:00:00','2015-07-02 18:46:14','Y'),(162,1,2,251,166,'5566994767',NULL,NULL,'2015-07-02 12:00:00','2015-09-30 12:00:00','2015-07-02 19:02:54','Y'),(163,1,2,254,167,'7974826349',NULL,NULL,'2015-07-02 12:00:00','2015-08-31 12:00:00','2015-07-02 19:24:40','Y'),(164,1,2,255,168,'3448290874',NULL,NULL,'2015-07-02 12:00:00','2015-08-31 12:00:00','2015-07-02 19:30:02','Y'),(165,1,2,256,169,'5800611728',NULL,NULL,'2015-07-02 12:00:00','2015-09-30 12:00:00','2015-07-02 19:35:52','Y'),(166,1,2,257,170,'5117725311',NULL,NULL,'2015-07-02 12:00:00','2015-09-30 12:00:00','2015-07-02 19:38:02','Y'),(167,1,2,258,171,'9608222068',NULL,NULL,'2015-07-02 12:00:00','2015-09-30 12:00:00','2015-07-02 19:42:35','Y'),(168,1,2,259,172,'3562384189',NULL,NULL,'2015-07-02 13:00:00','2015-10-31 13:00:00','2015-07-02 20:16:39','Y'),(169,1,2,260,173,'9204127747',NULL,NULL,'2015-07-02 13:00:00','2015-10-31 13:00:00','2015-07-02 20:28:33','Y'),(170,59,0,261,174,'3164660243',NULL,NULL,'2015-07-03 12:00:00','2015-08-31 12:00:00','2015-07-03 13:21:12','Y'),(171,60,0,0,175,'2053247354',NULL,NULL,'2015-07-03 02:00:00','2015-08-31 16:57:00','2015-07-03 13:29:53','Y'),(172,60,0,0,176,'3873110786',NULL,NULL,'2015-07-03 03:00:00','2015-09-30 17:02:00','2015-07-03 13:34:41','Y'),(173,59,0,263,177,'6492689280',NULL,NULL,'2015-07-03 13:00:00','2015-09-30 13:00:00','2015-07-03 18:18:19','Y'),(174,1,2,264,178,'9344339436',NULL,NULL,'2015-07-06 16:00:00','2015-08-31 16:00:00','2015-07-06 18:11:07','Y'),(175,1,2,264,179,'1141945611',NULL,NULL,'2015-07-06 21:45:00','2015-09-30 21:45:00','2015-07-06 18:24:11','Y'),(176,1,2,264,181,'9344615091',NULL,NULL,'2015-07-06 18:30:00','2015-09-30 00:00:00','2015-07-06 18:32:34','Y'),(177,1,2,63,182,'5390064397',NULL,NULL,'2015-07-07 11:30:00','2015-07-15 11:36:00','2015-07-07 11:36:41','Y'),(178,1,2,180,183,'2517374757',NULL,NULL,'2015-07-07 16:45:00','2015-08-31 20:11:00','2015-07-07 16:43:51','Y'),(179,1,2,63,184,'5954557077',NULL,NULL,'2015-07-09 16:02:00','2015-07-23 16:02:00','2015-07-09 16:02:29','Y'),(180,1,2,0,185,'5478458044',NULL,NULL,'2015-07-10 09:32:00','2015-07-24 10:30:00','2015-07-10 09:32:47','Y'),(181,1,2,270,186,'7325410714',NULL,NULL,'2015-07-11 11:32:00','2015-07-31 11:33:00','2015-07-11 11:33:05','Y'),(182,1,2,63,190,'2296733380',NULL,NULL,'2015-07-30 09:15:00','2015-07-30 11:00:00','2015-07-13 09:22:17','Y'),(183,1,2,63,191,'8135638328',NULL,NULL,'2015-07-13 09:30:00','2015-07-28 09:15:00','2015-07-13 09:26:25','Y'),(184,1,0,196,192,'2417834533',NULL,NULL,'2015-08-10 14:00:00','2015-09-30 18:15:00','2015-08-10 14:39:34','Y'),(185,1,0,195,193,'6393341997',NULL,NULL,'2015-08-10 14:00:00','2015-09-30 18:35:00','2015-08-10 15:06:30','Y'),(186,1,2,63,194,'6527197166',NULL,NULL,'2015-08-12 22:30:00','2015-08-14 22:30:00','2015-08-12 22:35:44','Y'),(187,1,0,63,196,'2817243946',NULL,NULL,'2015-08-13 10:15:00','2015-08-18 11:00:00','2015-08-13 10:14:20','Y'),(188,1,0,63,197,'7143319534',NULL,NULL,'2015-08-13 10:15:00','2015-08-19 11:15:00','2015-08-13 10:18:47','Y'),(189,1,2,0,198,'7005045206',NULL,NULL,'2015-10-01 11:46:00','2015-10-08 12:00:00','2015-10-01 11:47:01','Y'),(190,1,2,0,198,'4366816683',NULL,NULL,'2015-10-01 11:46:00','2015-10-08 12:00:00','2015-10-01 11:47:02','Y'),(191,1,2,0,198,'5892650319',NULL,NULL,'2015-10-01 11:46:00','2015-10-08 12:00:00','2015-10-01 11:47:02','Y'),(192,1,2,0,198,'6339990099',NULL,NULL,'2015-10-01 11:46:00','2015-10-08 12:00:00','2015-10-01 11:47:02','Y'),(193,1,2,0,198,'3848359472',NULL,NULL,'2015-10-01 11:46:00','2015-10-06 12:00:00','2015-10-01 11:47:02','Y'),(194,1,2,0,198,'9852764192',NULL,NULL,'2015-10-01 11:46:00','2015-10-06 12:00:00','2015-10-01 11:47:02','Y'),(195,1,2,0,198,'5353837199',NULL,NULL,'2015-10-01 11:46:00','2015-10-06 12:00:00','2015-10-01 11:47:03','Y'),(196,1,2,0,198,'5811885197',NULL,NULL,'2015-10-01 11:46:00','2015-10-06 12:00:00','2015-10-01 11:47:03','Y'),(197,1,2,0,198,'3986885907',NULL,NULL,'2015-10-01 11:46:00','2015-10-06 12:00:00','2015-10-01 11:47:03','Y'),(198,1,2,0,198,'3824428336',NULL,NULL,'2015-10-01 11:46:00','2015-10-06 12:00:00','2015-10-01 11:47:04','Y'),(199,1,2,0,198,'3844027858',NULL,NULL,'2015-10-01 11:46:00','2015-10-06 12:00:00','2015-10-01 11:47:04','Y'),(200,1,2,0,198,'3599337538',NULL,NULL,'2015-10-01 11:46:00','2015-10-06 12:00:00','2015-10-01 11:47:06','Y'),(201,1,2,0,198,'7258372137',NULL,NULL,'2015-10-01 11:46:00','2015-10-06 12:00:00','2015-10-01 11:47:06','Y'),(202,1,2,0,198,'8356773915',NULL,NULL,'2015-10-01 11:46:00','2015-10-06 12:00:00','2015-10-01 11:47:06','Y'),(203,1,2,0,198,'7850440897',NULL,NULL,'2015-10-01 11:46:00','2015-10-06 12:00:00','2015-10-01 11:47:06','Y'),(204,1,2,63,199,'9188126636',NULL,NULL,'2015-10-01 12:15:00','2015-10-15 13:00:00','2015-10-01 12:15:48','Y'),(205,1,2,277,200,'4122488304',NULL,NULL,'2015-10-13 00:15:00','2016-03-13 18:30:00','2015-10-13 18:26:13','Y'),(206,1,2,277,200,'9590165730',NULL,NULL,'2015-10-13 00:15:00','2016-03-13 18:30:00','2015-10-13 18:26:16','Y'),(207,1,2,277,200,'3546015276',NULL,NULL,'2015-10-13 00:15:00','2016-03-13 18:30:00','2015-10-13 18:26:45','Y'),(208,1,2,277,200,'2233729751',NULL,NULL,'2015-10-13 00:15:00','2016-03-13 18:30:00','2015-10-13 18:26:45','Y'),(209,1,2,277,200,'3336367362',NULL,NULL,'2015-10-13 00:15:00','2016-03-13 18:30:00','2015-10-13 18:26:47','Y'),(210,1,2,277,200,'4295563830',NULL,NULL,'2015-10-13 00:15:00','2016-03-13 18:30:00','2015-10-13 18:26:47','Y'),(211,1,2,277,200,'6639047004',NULL,NULL,'2015-10-13 00:15:00','2016-03-13 18:30:00','2015-10-13 18:26:47','Y'),(212,1,2,277,200,'8040702090',NULL,NULL,'2015-10-13 00:15:00','2016-03-13 18:30:00','2015-10-13 18:26:48','Y'),(213,1,2,277,200,'1888663590',NULL,NULL,'2015-10-13 00:15:00','2016-03-13 18:30:00','2015-10-13 18:26:49','Y'),(214,61,0,63,203,'7671663293',NULL,NULL,'2016-03-08 10:45:00','2016-03-31 10:45:00','2016-03-08 10:39:47','Y'),(215,61,0,303,205,'9307123894',NULL,NULL,'2016-03-08 10:45:00','2016-03-31 10:52:00','2016-03-08 10:52:27','Y'),(216,61,0,308,206,'3799676518',NULL,NULL,'2016-03-11 16:30:00','2016-03-24 17:30:00','2016-03-11 16:31:44','Y'),(217,61,0,63,207,'2223694589',NULL,NULL,'2016-03-14 18:00:00','2016-03-31 01:00:00','2016-03-14 18:54:01','Y'),(218,61,0,63,207,'8087322985',NULL,NULL,'2016-03-14 00:00:00','2016-03-31 00:00:00','2016-03-14 18:55:56','Y'),(219,61,0,63,207,'6861952617',NULL,NULL,'2016-03-14 00:00:00','2016-03-31 00:00:00','2016-03-14 18:56:07','Y'),(220,61,0,63,207,'8104715281',NULL,NULL,'2016-03-14 00:00:00','2016-03-31 00:00:00','2016-03-14 18:56:15','Y'),(221,61,0,63,210,'9504287954',NULL,NULL,'2016-03-15 11:10:00','2016-03-15 12:30:00','2016-03-15 19:10:37','Y'),(222,61,0,63,211,'3935475250',NULL,NULL,'2016-03-15 19:15:00','2016-03-16 20:15:00','2016-03-15 19:17:45','Y'),(223,61,0,63,211,'5152671767',NULL,NULL,'2016-03-15 19:15:00','2016-03-16 20:15:00','2016-03-15 19:17:45','Y'),(224,61,0,63,211,'7259810765',NULL,NULL,'2016-03-15 19:15:00','2016-03-16 20:15:00','2016-03-15 19:17:47','Y');
/*!40000 ALTER TABLE `activation_code_master` ENABLE KEYS */;
UNLOCK TABLES;

--
-- Table structure for table `chat`
--

DROP TABLE IF EXISTS `chat`;
/*!40101 SET @saved_cs_client     = @@character_set_client */;
/*!40101 SET character_set_client = utf8 */;
CREATE TABLE `chat` (
  `id` int(10) unsigned NOT NULL AUTO_INCREMENT,
  `from` varchar(255) NOT NULL DEFAULT '',
  `to` varchar(255) NOT NULL DEFAULT '',
  `message` text NOT NULL,
  `sent` datetime NOT NULL DEFAULT '0000-00-00 00:00:00',
  `recd` int(10) unsigned NOT NULL DEFAULT '0',
  `sen_removed` enum('N','Y') NOT NULL DEFAULT 'N',
  `rec_removed` enum('N','Y') NOT NULL DEFAULT 'N',
  `image` varchar(200) DEFAULT NULL,
  `video` varchar(255) DEFAULT NULL,
  `drink_offerings_id` int(10) DEFAULT '0',
  `message_id` varchar(255) DEFAULT NULL,
  PRIMARY KEY (`id`),
  KEY `to` (`to`),
  KEY `from` (`from`)
) ENGINE=InnoDB AUTO_INCREMENT=163 DEFAULT CHARSET=latin1;
/*!40101 SET character_set_client = @saved_cs_client */;

--
-- Dumping data for table `chat`
--

LOCK TABLES `chat` WRITE;
/*!40000 ALTER TABLE `chat` DISABLE KEYS */;
INSERT INTO `chat` VALUES (1,'5','4','Send a drink ','2015-06-10 15:47:26',1,'N','N',NULL,NULL,245,'5578944e21a96aabebf266ea'),(2,'5','4','Send a drink ','2015-06-10 16:02:06',1,'N','N',NULL,NULL,246,'557897bb0d76433803d63af3'),(3,'196','195','Send a drink ','2015-06-11 10:07:53',1,'N','N',NULL,NULL,247,'5579963821a95bc6d1664527'),(4,'196','195','Send a drink ','2015-06-11 10:09:01',1,'N','N',NULL,NULL,248,'5579967c21a95bc6d166452e'),(5,'196','195','Send a drink ','2015-06-11 10:09:50',1,'N','N',NULL,NULL,249,'557996ae21a95bc6d166453d'),(6,'195','196','Send a drink ','2015-06-11 10:10:37',1,'N','N',NULL,NULL,250,'5579963da041a9c402d63af4'),(7,'195','196','Send a drink ','2015-06-11 10:11:39',1,'N','N',NULL,NULL,251,'5579967ba041a9c402d63af5'),(8,'196','195','Send a drink ','2015-06-11 12:09:20',1,'N','N',NULL,NULL,252,'5579b2af21a98cfc23461877'),(9,'4','195','Send a drink ','2015-06-11 12:31:58',1,'N','N',NULL,NULL,253,'5579b84268e1352b01b7acdb'),(10,'195','4','Send a drink ','2015-06-11 12:33:23',1,'N','N',NULL,NULL,254,'5579b7b3a041a97703d63af7'),(11,'5','4','Send a drink ','2015-06-11 12:42:33',1,'N','N',NULL,NULL,255,'5579ba780d7643ad01d63af4'),(12,'5','4','Send a drink ','2015-06-11 12:52:28',1,'N','N',NULL,NULL,256,'5579bae85108064a030041aa'),(13,'5','4','Send a drink ','2015-06-11 12:52:56',1,'N','N',NULL,NULL,257,'5579bb035108064a030041ab'),(14,'5','4','Send a drink ','2015-06-11 14:58:55',1,'N','N',NULL,NULL,258,'5579dab368e135bd01d63af8'),(15,'4','5','Send a drink ','2015-06-11 14:59:46',1,'N','N',NULL,NULL,259,'5579daa2754e440f05d63af7'),(16,'4','5','Send a drink ','2015-06-11 15:12:07',1,'N','N',NULL,NULL,260,'5579dd87754e440f05d63afc'),(17,'4','5','Send a drink ','2015-06-12 08:40:22',1,'N','N',NULL,NULL,261,'557ad37868e1352203d63afa'),(18,'5','4','Send a drink ','2015-06-12 08:40:44',1,'N','N',NULL,NULL,262,'557ad34a754e4457010041b7'),(19,'4','5','Send a drink ','2015-06-12 08:44:03',1,'N','N',NULL,NULL,263,'557ad45668e1352203d63afd'),(20,'5','4','Send a drink ','2015-06-12 09:17:58',1,'N','N',NULL,NULL,264,'557adc04754e447701d63af2'),(21,'195','196','Send a drink ','2015-06-12 12:37:42',1,'N','N',NULL,NULL,265,'557b0a38a041a9c900d63afa'),(22,'195','196','Send a drink ','2015-06-12 12:38:27',1,'N','N',NULL,NULL,266,'557b0a65a041a9c900d63afb'),(23,'196','195','Send a drink ','2015-06-12 13:43:09',1,'N','N',NULL,NULL,267,'557b1a2cc8b44d8c6b5ca767'),(24,'196','195','Send a drink ','2015-06-12 13:57:45',1,'N','N',NULL,NULL,268,'557b1d98c8b4dd34f382b376'),(25,'196','195','Send a drink ','2015-06-12 13:59:28',1,'N','N',NULL,NULL,269,'557b1e00c8b4dd34f382b3b0'),(26,'196','195','Send a drink ','2015-06-12 14:09:22',1,'N','N',NULL,NULL,270,'557b2051c8b4dd34f382b426'),(27,'196','195','Send a drink ','2015-06-12 14:11:57',1,'N','N',NULL,NULL,271,'557b20ecc8b4dd34f382b462'),(28,'196','195','Send a drink ','2015-06-12 14:20:50',1,'N','N',NULL,NULL,272,'557b2302c8b4dd34f382b4db'),(29,'196','195','Send a drink ','2015-06-12 14:22:22',1,'N','N',NULL,NULL,273,'557b235dc8b4dd34f382b519'),(30,'196','195','Send a drink ','2015-06-12 14:24:11',1,'N','N',NULL,NULL,274,'557b23cac8b4dd34f382b598'),(31,'195','196','Send a drink ','2015-06-12 14:24:44',1,'N','N',NULL,NULL,275,'557b242f68e1353f04d63af6'),(32,'196','195','Send a drink ','2015-06-12 14:35:25',1,'N','N',NULL,NULL,276,'557b266dc8b4dd34f382bbf1'),(33,'195','4','Send a drink ','2015-06-15 11:57:21',1,'N','N',NULL,NULL,277,'557ef5df0d7643ed03d63af2'),(34,'196','188','Send a drink ','2015-06-22 11:19:21',1,'N','N',NULL,NULL,278,'5587d31a3cba57339bec5ffe'),(35,'188','196','Send a drink ','2015-06-22 11:45:19',1,'N','N',NULL,NULL,279,'5587d92ffe0497a6f6c284c0'),(36,'196','188','Send a drink ','2015-06-22 11:46:54',1,'N','N',NULL,NULL,280,'5587d98f3cba7d6c400ccab9'),(37,'196','188','Send a drink ','2015-06-22 11:51:28',1,'N','N',NULL,NULL,281,'5587daa13cba7d6c400ccbdc'),(38,'5','4','Send a drink ','2015-06-22 12:04:40',1,'N','N',NULL,NULL,282,'5587ddb8754e44b30dd63af6'),(39,'5','4','Send a drink ','2015-06-22 12:07:22',1,'N','N',NULL,NULL,283,'5587de5a754e44b30dd63af7'),(40,'196','4','Send a drink ','2015-06-22 12:09:59',1,'N','N',NULL,NULL,284,'5587def83cba097f63a37e34'),(41,'4','196','Send a drink ','2015-06-22 12:11:42',1,'N','N',NULL,NULL,285,'5587df5f0d7643f101d63afd'),(42,'196','4','Send a drink ','2015-06-22 12:12:24',1,'N','N',NULL,NULL,286,'5587df893cba097f63a37e6c'),(43,'5','4','Send a drink ','2015-06-22 12:34:11',1,'N','N',NULL,NULL,287,'5587e4a2754e44e30dd63af2'),(44,'4','5','Send a drink ','2015-06-22 12:37:00',1,'N','N',NULL,NULL,288,'5587e54d0d76431b02d63af4'),(45,'5','4','Send a drink ','2015-06-22 12:43:07',1,'N','N',NULL,NULL,289,'5587e6bc0d76433202d63af2'),(46,'5','196','Send a drink ','2015-06-22 12:47:47',0,'N','N',NULL,NULL,290,'5587e7d40d76433202d63af5'),(47,'196','5','Send a drink ','2015-06-22 12:48:22',1,'N','N',NULL,NULL,291,'5587e7f73cba908f25c7cf26'),(48,'4','5','Send a drink ','2015-06-22 12:49:54',1,'N','N',NULL,NULL,292,'5587e852754e442b0ed63af4'),(49,'5','4','Send a drink ','2015-06-22 12:51:17',1,'N','N',NULL,NULL,293,'5587e8a60d76433602d63af2'),(50,'4','5','Send a drink ','2015-06-22 12:58:41',1,'N','N',NULL,NULL,294,'5587ea61754e442b0ed63af6'),(51,'4','5','Send a drink ','2015-06-22 13:03:25',1,'N','N',NULL,NULL,295,'5587eb7c754e442b0ed63af7'),(52,'4','5','Send a drink ','2015-06-22 13:07:51',1,'N','N',NULL,NULL,296,'5587ec86754e442b0ed63af8'),(53,'4','5','Send a drink ','2015-06-22 13:13:11',1,'N','N',NULL,NULL,297,'5587edc80d76435d02d63af2'),(54,'195','196','Send a drink ','2015-06-23 15:30:59',1,'N','N',NULL,NULL,298,'55895f0ba041a97301d63af4'),(55,'196','195','Send a drink ','2015-06-23 15:31:41',1,'N','N',NULL,NULL,299,'55895fbd66419420b9ea7eb9'),(56,'195','196','Send a drink ','2015-06-23 15:32:51',1,'N','N',NULL,NULL,300,'55895f7ba041a97301d63af6'),(57,'196','195','Send a drink ','2015-06-23 15:33:40',1,'N','N',NULL,NULL,301,'5589603566419420b9ea7fc7'),(58,'195','196','Send a drink ','2015-06-23 15:57:42',1,'N','N',NULL,NULL,302,'5589654ea041a97301d63b02'),(59,'196','195','Send a drink ','2015-06-23 15:58:24',1,'N','N',NULL,NULL,303,'5589660066419420b9ea8fed'),(60,'195','196','Send a drink ','2015-06-24 14:36:02',1,'N','N',NULL,NULL,304,'558aa464c387806f08d63af5'),(61,'195','196','Send a drink ','2015-06-24 14:39:21',1,'N','N',NULL,NULL,305,'558aa52bc387806f08d63af6'),(62,'196','195','Send a drink ','2015-06-24 14:42:26',1,'N','N',NULL,NULL,306,'558aa5b2e2216549f9bdfa70'),(63,'195','196','Send a drink ','2015-06-24 14:46:35',1,'N','N',NULL,NULL,307,'558aa6ddc387806f08d63af8'),(64,'196','195','Send a drink ','2015-06-24 14:52:50',1,'N','N',NULL,NULL,308,'558aa823e2216549f9bdfee9'),(65,'196','195','Send a drink ','2015-06-24 15:00:16',1,'N','N',NULL,NULL,309,'558aa9e1e2216549f9be00bc'),(66,'196','195','Send a drink ','2015-06-24 15:02:10',1,'N','N',NULL,NULL,310,'558aaa53e2216549f9be00fd'),(67,'196','195','Send a drink ','2015-06-24 19:00:14',1,'N','N',NULL,NULL,311,'558ae21ee22164e545e9172a'),(68,'231','4','Send a drink ','2015-06-24 19:57:41',0,'N','N',NULL,NULL,312,'558aef940d764315040041a9'),(69,'232','196','Send a drink ','2015-06-24 21:23:19',0,'N','N',NULL,NULL,313,'558b01ad510806c800b7ace1'),(70,'232','196','Send a drink ','2015-06-24 21:30:57',0,'N','N',NULL,NULL,314,'558b0378510806c800b7ace2'),(71,'232','196','Send a drink ','2015-06-24 21:31:39',0,'N','N',NULL,NULL,315,'558b03a1510806c800b7ace3'),(72,'195','196','Send a drink ','2015-06-24 21:37:18',1,'N','N',NULL,NULL,316,'558b04f4510806c800b7ace4'),(73,'195','196','Send a drink ','2015-06-24 21:37:33',1,'N','N',NULL,NULL,317,'558b0503510806c800b7ace5'),(74,'195','196','Send a drink ','2015-06-24 21:38:17',1,'N','N',NULL,NULL,318,'558b052f510806c800b7ace6'),(75,'195','196','Send a drink ','2015-06-25 15:49:11',1,'N','N',NULL,NULL,319,'558c04db510806e800b7acda'),(76,'196','195','Send a drink ','2015-06-25 15:51:02',1,'N','N',NULL,NULL,320,'558c0746c8b4ab5950e1c98d'),(77,'63','90','Send a drink ','2015-06-25 17:03:35',1,'N','N',NULL,NULL,321,'558c18471cee9f5d01d63af3'),(78,'90','63','Send a drink ','2015-06-25 17:20:35',1,'N','N',NULL,NULL,322,'558c1c4247c4e39670b11d81'),(79,'90','63','Send a drink ','2015-06-25 17:21:29',1,'N','N',NULL,NULL,323,'558c1c7847c4e39670b11d87'),(80,'90','63','Send a drink ','2015-06-25 17:26:03',1,'N','N',NULL,NULL,324,'558c1d8b47c4e39670b11da0'),(81,'63','90','Send a drink ','2015-06-25 17:31:09',1,'N','N',NULL,NULL,325,'558c1ebe1cee9f5d01d63af9'),(82,'195','189','Send a drink ','2015-06-26 19:12:18',1,'N','N',NULL,NULL,326,'558d85f35108069e00d63af2'),(83,'189','195','Send a drink ','2015-06-26 19:13:05',1,'N','N',NULL,NULL,327,'558d884fc38780e511d63af3'),(84,'195','189','Send a drink ','2015-06-26 19:14:38',1,'N','N',NULL,NULL,328,'558d86805108069e00d63af4'),(85,'195','189','Send a drink ','2015-06-26 19:37:23',1,'N','N',NULL,NULL,329,'558d8bd55108069e00d63af7'),(86,'196','195','Send a drink ','2015-06-29 16:42:34',1,'N','N',NULL,NULL,330,'5591595cc8b41cd1e24e1a2b'),(87,'196','195','Send a drink ','2015-06-29 16:47:16',1,'N','N',NULL,NULL,331,'55915a76c8b41cd1e24e1ee1'),(88,'195','196','Send a drink ','2015-06-29 16:47:52',1,'N','N',NULL,NULL,332,'55915895510806960031b789'),(89,'196','195','Send a drink ','2015-06-29 16:48:37',1,'N','N',NULL,NULL,333,'55915ac7c8b41cd1e24e27a8'),(90,'195','196','Send a drink ','2015-06-29 16:50:39',1,'N','N',NULL,NULL,334,'5591593c510806960031b78b'),(91,'196','195','Send a drink ','2015-06-29 16:52:01',1,'N','N',NULL,NULL,335,'55915b93c8b41cd1e24e3ab0'),(92,'195','196','Send a drink ','2015-06-29 16:54:22',1,'N','N',NULL,NULL,336,'55915a1b510806960031b78d'),(93,'196','195','Send a drink ','2015-06-29 16:56:49',1,'N','N',NULL,NULL,337,'55915c22c8b41cd1e24e3cdf'),(94,'196','195','Send a drink ','2015-06-29 17:03:43',1,'N','N',NULL,NULL,338,'55915e51c8b41cd1e24e65b2'),(95,'195','196','Send a drink ','2015-06-29 17:03:50',1,'N','N',NULL,NULL,339,'55915c53510806960031b790'),(96,'196','195','Send a drink ','2015-06-29 20:07:26',1,'N','N',NULL,NULL,340,'559189666b0311836d9735d3'),(97,'196','195','Send a drink ','2015-06-29 20:08:42',1,'N','N',NULL,NULL,341,'559189b26b0311836d973637'),(98,'196','195','Send a drink ','2015-06-29 20:33:02',1,'N','N',NULL,NULL,342,'55918f666b0311836d973890'),(99,'196','195','Send a drink ','2015-06-29 20:33:25',1,'N','N',NULL,NULL,343,'55918f7d6b0311836d9738f5'),(100,'196','195','Send a drink ','2015-06-29 20:36:33',1,'N','N',NULL,NULL,344,'559190396b0311836d97395a'),(101,'196','195','Send a drink ','2015-06-29 20:37:20',1,'N','N',NULL,NULL,345,'559190686b0311836d9739bf'),(102,'5','4','Send a drink ','2015-06-30 19:37:58',1,'N','N',NULL,NULL,346,'5592d3f80d76434a03b7acdb'),(103,'5','4','Send a drink ','2015-06-30 19:47:47',1,'N','N',NULL,NULL,347,'5592d6450d76434a03b7acdd'),(104,'5','4','Send a drink ','2015-06-30 20:10:34',1,'N','N',NULL,NULL,348,'5592db9d0d76434a03b7ace3'),(105,'4','5','Send a drink ','2015-06-30 20:13:20',1,'N','N',NULL,NULL,349,'5592dc6cc38780f2010041b6'),(106,'4','5','Send a drink ','2015-06-30 20:53:21',1,'N','N',NULL,NULL,350,'5592e5ccc38780f2010041b8'),(107,'4','5','Send a drink ','2015-06-30 20:55:52',1,'N','N',NULL,NULL,351,'5592e663c38780f2010041b9'),(108,'4','5','Send a drink ','2015-06-30 20:56:52',1,'N','N',NULL,NULL,352,'5592e69ec38780f2010041ba'),(109,'5','4','Send a drink ','2015-06-30 20:59:15',1,'N','N',NULL,NULL,353,'5592e7060d76436e03d63af6'),(110,'4','5','Send a drink ','2015-06-30 21:14:01',1,'N','N',NULL,NULL,354,'5592eaa4c38780f2010041bc'),(111,'4','5','Send a drink ','2015-06-30 21:18:28',1,'N','N',NULL,NULL,355,'5592ebafc38780f2010041bd'),(112,'4','5','Send a drink ','2015-06-30 21:18:46',1,'N','N',NULL,NULL,356,'5592ebc1c38780f2010041be'),(113,'5','4','Send a drink ','2015-06-30 21:25:32',1,'N','N',NULL,NULL,357,'5592ed2f0d76438403d63af2'),(114,'4','5','Send a drink ','2015-06-30 21:46:47',1,'N','N',NULL,NULL,358,'5592f252c38780f2010041c1'),(115,'4','5','Send a drink ','2015-06-30 21:47:50',1,'N','N',NULL,NULL,359,'5592f291c38780f2010041c2'),(116,'4','5','Send a drink ','2015-06-30 21:56:37',1,'N','N',NULL,NULL,360,'5592f4770d7643a403d63af3'),(117,'5','4','Send a drink ','2015-06-30 21:56:52',1,'N','N',NULL,NULL,361,'5592f4afc387801402d63af4'),(118,'4','5','Send a drink ','2015-07-01 12:47:20',1,'N','N',NULL,NULL,362,'5593c5390d7643ae04d63af6'),(119,'196','195','Send a drink ','2015-07-01 16:47:27',1,'N','N',NULL,NULL,363,'5593fd80c8b4e16a16baae48'),(120,'196','195','Send a drink ','2015-07-01 16:48:11',1,'N','N',NULL,NULL,364,'5593fdacc8b4e16a16baaead'),(121,'196','195','Send a drink ','2015-07-01 20:44:43',1,'N','N',NULL,NULL,365,'55943521aa5ce96b34d45eb9'),(122,'196','195','Send a drink ','2015-07-01 20:45:40',1,'N','N',NULL,NULL,366,'5594355aaa5ce96b34d4604a'),(123,'195','196','Send a drink ','2015-07-01 20:46:31',1,'N','N',NULL,NULL,367,'559435880d76433705b7acdc'),(124,'196','195','Send a drink ','2015-07-01 20:49:10',1,'N','N',NULL,NULL,368,'5594362caa5ce96b34d46433'),(125,'195','196','Send a drink ','2015-07-01 20:49:43',1,'N','N',NULL,NULL,369,'559436490d76433705b7acde'),(126,'195','196','Send a drink ','2015-07-01 20:52:55',1,'N','N',NULL,NULL,370,'559437080d76433705b7acdf'),(127,'196','195','Send a drink ','2015-07-01 20:54:41',1,'N','N',NULL,NULL,371,'55943778aa5ce96b34d47adc'),(128,'196','195','Send a drink ','2015-07-01 20:59:28',1,'N','N',NULL,NULL,372,'55943896aa5c50351ef99f15'),(129,'195','196','Send a drink ','2015-07-01 21:00:36',1,'N','N',NULL,NULL,373,'559438d50d76433705b7ace7'),(130,'195','196','Send a drink ','2015-07-01 21:12:57',1,'N','N',NULL,NULL,374,'55943bba0d76433705b7ace8'),(131,'195','196','Send a drink ','2015-07-01 21:13:36',1,'N','N',NULL,NULL,375,'55943be10d76433705b7ace9'),(132,'196','195','Send a drink ','2015-07-01 21:14:48',1,'N','N',NULL,NULL,376,'55943c2faa5c9e6fd4f2a8a6'),(133,'196','195','Send a drink ','2015-07-01 21:15:49',1,'N','N',NULL,NULL,377,'55943c6baa5c9e6fd4f2aa37'),(134,'196','195','Send a drink ','2015-07-01 21:29:06',1,'N','N',NULL,NULL,378,'55943f88aa5cbdc00d49ba89'),(135,'195','196','Send a drink ','2015-07-01 21:30:01',1,'N','N',NULL,NULL,379,'55943fba0d76433705b7acf0'),(136,'195','196','Send a drink ','2015-07-01 21:31:19',1,'N','N',NULL,NULL,380,'559440080d76433705b7acf1'),(137,'259','196','Send a drink ','2015-07-02 20:22:27',0,'N','N',NULL,NULL,381,'559580eca041a94b03d63af3'),(138,'259','196','Send a drink ','2015-07-02 20:22:41',0,'N','N',NULL,NULL,382,'559580fba041a94b03d63af4'),(139,'260','196','Send a drink ','2015-07-02 20:30:51',0,'N','N',NULL,NULL,383,'55958381c38780f800d63af4'),(140,'260','196','Send a drink ','2015-07-02 20:33:59',0,'N','N',NULL,NULL,384,'5595843ec387800201d63af2'),(141,'260','196','Send a drink ','2015-07-02 20:34:33',0,'N','N',NULL,NULL,385,'55958460c387800201d63af3'),(142,'196','260','Send a drink ','2015-07-02 20:35:04',1,'N','N',NULL,NULL,386,'5595845eaa5c2054f740e461'),(143,'196','260','Send a drink ','2015-07-02 20:35:50',1,'N','N',NULL,NULL,387,'5595848caa5c2054f740e486'),(144,'260','196','Send a drink ','2015-07-02 20:36:23',0,'N','N',NULL,NULL,388,'559584cdc387800201d63af6'),(145,'260','196','Send a drink ','2015-07-02 20:39:44',0,'N','N',NULL,NULL,389,'55958597c387800301d63af2'),(146,'195','196','Send a drink ','2015-07-02 21:23:25',1,'N','N',NULL,NULL,390,'55958f37a041a9cd03d63af2'),(147,'195','196','Send a drink ','2015-07-02 22:12:07',1,'N','N',NULL,NULL,391,'55959b180d76436607d63af3'),(148,'196','195','Send a drink ','2015-07-03 14:38:31',1,'N','N',NULL,NULL,392,'5596824daa5c6cb265912e40'),(149,'196','195','Send a drink ','2015-07-03 14:53:20',1,'N','N',NULL,NULL,393,'559685c6aa5c6cb2659134eb'),(150,'195','189','Send a drink ','2015-07-06 18:38:23',0,'N','N',NULL,NULL,394,'559aacf0510806c008b50c2b'),(151,'195','189','Send a drink ','2015-07-06 18:40:16',0,'N','N',NULL,NULL,395,'559aad61510806c008b50c2c'),(152,'195','196','Send a drink ','2015-07-06 18:43:07',1,'N','N',NULL,NULL,396,'559aae0c510806c008b50c2d'),(153,'196','189','Send a drink ','2015-07-08 12:27:52',1,'N','N',NULL,NULL,397,'559cfb28e221b212d77b2ea7'),(154,'90','5','Send a drink ','2015-07-14 12:44:32',1,'N','N',NULL,NULL,398,'55a4e81167229fd610920fff'),(155,'90','227','Send a drink ','2015-07-14 12:49:01',1,'N','N',NULL,NULL,399,'55a4e91e67229fd610921001'),(156,'90','195','Send a drink ','2015-07-14 12:53:15',1,'N','N',NULL,NULL,400,'55a4ea1b67229fd610921006'),(157,'90','196','Send a drink ','2015-07-28 18:13:22',1,'N','N',NULL,NULL,401,'55b7aa2297063a9915a3c7c3'),(158,'63','196','Send a drink ','2015-08-12 22:37:26',0,'N','N',NULL,NULL,402,'55cbae8864c0c5c800b7acda'),(159,'63','255','Send a drink ','2015-08-13 19:04:19',0,'N','N',NULL,NULL,403,'55ccce155fd2e578dfd63af3'),(160,'63','4','Send a drink ','2015-08-13 19:21:06',0,'N','N',NULL,NULL,404,'55ccd2043d5c81da55d63af3'),(161,'63','303','Send a drink ','2016-03-08 11:13:28',1,'N','N',NULL,NULL,405,'56dea5c800781ac4b619793b'),(162,'63','308','Send a drink ','2016-03-11 16:38:44',1,'N','N',NULL,NULL,406,'56e2e6850078c9c1e7e06e85');
/*!40000 ALTER TABLE `chat` ENABLE KEYS */;
UNLOCK TABLES;

--
-- Table structure for table `chat_master`
--

DROP TABLE IF EXISTS `chat_master`;
/*!40101 SET @saved_cs_client     = @@character_set_client */;
/*!40101 SET character_set_client = utf8 */;
CREATE TABLE `chat_master` (
  `id` int(11) NOT NULL AUTO_INCREMENT,
  `user_1` int(11) DEFAULT NULL,
  `user_2` int(11) DEFAULT NULL,
  `message` text,
  `date_time` datetime DEFAULT NULL,
  `drink_offerings_id` int(11) DEFAULT '0',
  `read_status` enum('Y','N') DEFAULT NULL,
  PRIMARY KEY (`id`),
  KEY `user_1` (`user_1`),
  KEY `user_2` (`user_2`),
  KEY `date_time` (`date_time`),
  KEY `drink_offerings_id` (`drink_offerings_id`),
  KEY `read_status` (`read_status`)
) ENGINE=InnoDB DEFAULT CHARSET=latin1;
/*!40101 SET character_set_client = @saved_cs_client */;

--
-- Dumping data for table `chat_master`
--

LOCK TABLES `chat_master` WRITE;
/*!40000 ALTER TABLE `chat_master` DISABLE KEYS */;
/*!40000 ALTER TABLE `chat_master` ENABLE KEYS */;
UNLOCK TABLES;

--
-- Table structure for table `cms`
--

DROP TABLE IF EXISTS `cms`;
/*!40101 SET @saved_cs_client     = @@character_set_client */;
/*!40101 SET character_set_client = utf8 */;
CREATE TABLE `cms` (
  `id` bigint(10) NOT NULL AUTO_INCREMENT,
  `title` varchar(255) NOT NULL,
  `description` longtext NOT NULL,
  `page` varchar(100) NOT NULL,
  `image` varchar(255) NOT NULL,
  PRIMARY KEY (`id`),
  KEY `title` (`title`),
  KEY `page` (`page`),
  KEY `image` (`image`)
) ENGINE=InnoDB AUTO_INCREMENT=18 DEFAULT CHARSET=latin1;
/*!40101 SET character_set_client = @saved_cs_client */;

--
-- Dumping data for table `cms`
--

LOCK TABLES `cms` WRITE;
/*!40000 ALTER TABLE `cms` DISABLE KEYS */;
INSERT INTO `cms` VALUES (13,'How it works','<p>\n	Lorem ipsum dolor sit amet, consectetur adipiscing elit. Curabitur mattis mauris non condimentum sagittis. sollicitudin tincidunt a ctus, non bibendum tellus vulputate ac. Donec oor iaculis tincidunt consequat, ibero, sit amet malesuavarius mi.</p>\n','work','1418987959.jpg'),(15,'How it works','<p>\n	Lorem ipsum dolor sit amet, consectetur adipiscing elit. Curabitur mattis mauris non condimentum sagittis. sollicitudin tincidunt a ctus, non bibendum tellus vulputate ac. Donec oor iaculis tincidunt consequat, ibero, sit amet malesuavarius mi.</p>\n','how_it_works','1419006396.jpg'),(16,'About us','<p>\n	nominavi patrioque vituperata id vim, cu eam gloriatur philosophia deterruisset. Meliore perfecto repudiare ea nam, ne mea duis temporibus. Id quo accusam consequuntur, eum ea debitis urbanitas. Nibh reformidans vim ne.<br />\n	<br />\n	Iudico definiebas eos ea, dicat inermis hendrerit vel ei, legimus copiosae quo at. Per utinam corrumpit prodesset te, liber praesent eos an. An prodesset neglegentur qui, usu ancillae posidonium in, mea ex eros animal scribentur. Et simul fabellas sit. Populo inimicus ne est.<br />\n	<br />\n	Alii wisi phaedrum quo te, duo cu alia neglegentur. Quo nonumy detraxit cu, viderer reformidans ut eos, lopit prodesset te, liber praesent eos an. An prodesset neglegentur qui,<br />\n	<br />\n	&nbsp;usu ancillae posidonium in, mea ex eros animal scribentur. Et simul fabellas sit. Populo inimicus ne est.Alii wisi phaedrum</p>\n','about','1422540397.jpg'),(17,'Tagline','<p>\n	In the past year, Sunbeam supported programs that served<br />\n	&nbsp;&nbsp;&nbsp;&nbsp;&nbsp;&nbsp;&nbsp; over 700,000 children in 23 countries</p>\n','tagline','');
/*!40000 ALTER TABLE `cms` ENABLE KEYS */;
UNLOCK TABLES;

--
-- Table structure for table `config`
--

DROP TABLE IF EXISTS `config`;
/*!40101 SET @saved_cs_client     = @@character_set_client */;
/*!40101 SET character_set_client = utf8 */;
CREATE TABLE `config` (
  `field` varchar(255) COLLATE utf8_unicode_ci NOT NULL,
  `value` text COLLATE utf8_unicode_ci NOT NULL,
  `title` varchar(255) COLLATE utf8_unicode_ci DEFAULT NULL,
  `description` text COLLATE utf8_unicode_ci,
  `editable` enum('Y','N') COLLATE utf8_unicode_ci NOT NULL DEFAULT 'Y',
  `active` enum('Y','N') COLLATE utf8_unicode_ci NOT NULL DEFAULT 'Y',
  KEY `field` (`field`)
) ENGINE=MyISAM DEFAULT CHARSET=utf8 COLLATE=utf8_unicode_ci;
/*!40101 SET character_set_client = @saved_cs_client */;

--
-- Dumping data for table `config`
--

LOCK TABLES `config` WRITE;
/*!40000 ALTER TABLE `config` DISABLE KEYS */;
INSERT INTO `config` VALUES ('TEST_MODE','N','Payment Gateway Test mode','Y for payment test mode and N for live mode','Y','Y'),('email_from','g.ivanova@inhotel-app.com','Admin From Email','Admin From Email','Y','Y'),('admin_email','g.ivanova@inhotel-app.com','Admin Email','Admin Email','Y','Y'),('authorize_trans_key','8F5782C8B7x6Chdd','Authorize.net API Transaction Key','Authorize.net API Transaction Key','Y','Y'),('authorize_login','7s7chZ6V6m','Authorize.net API Login','Authorize.net API Login','Y','Y'),('MEMCACHED_PORT','11211','MEMCACHED_PORT','MEMCACHED_PORT','N','Y'),('MEMCACHED_HOST','192.168.1.254','MEMCACHED_HOST','MEMCACHED_HOST','N','Y'),('jw_player_key','z42Dd3IQQ8oldFjuqxQ5IUAVR9OZcxziWb/gEQ==','JWPlayer Key','JWPlayer Key','N','Y'),('authorize_test_mode','Y','Authorize.net  Test Mode?','Authorize.net  Test Mode?(Y/N)','N','Y'),('SITE_NAME','inhotel.com','Site Name','Name of Site','Y','Y'),('SITE_COPYRIGHT','Copyright  2014 inhotel.com All rights are reserved','Site Copyright Text','Site Copyright Text','Y','Y'),('per_page','10','Pagination Per  Page Count','Pagination Per  Page Count','Y','Y'),('admin-name','Admin','Admin name','Admin name to be displyed in app','Y','Y');
/*!40000 ALTER TABLE `config` ENABLE KEYS */;
UNLOCK TABLES;

--
-- Table structure for table `drink_offerings`
--

DROP TABLE IF EXISTS `drink_offerings`;
/*!40101 SET @saved_cs_client     = @@character_set_client */;
/*!40101 SET character_set_client = utf8 */;
CREATE TABLE `drink_offerings` (
  `id` int(11) NOT NULL AUTO_INCREMENT,
  `hotel_id` int(11) DEFAULT NULL,
  `user_id` int(11) DEFAULT NULL,
  `drinks_id` int(11) DEFAULT NULL,
  `to_user_id` int(11) DEFAULT NULL,
  `quantity` int(5) DEFAULT NULL,
  `status_flag` enum('P','A','D') DEFAULT NULL COMMENT 'P- pending, A- Accept, D -deny',
  `date_time` datetime DEFAULT NULL,
  PRIMARY KEY (`id`),
  KEY `hotel_id` (`hotel_id`),
  KEY `user_id` (`user_id`),
  KEY `drinks_id` (`drinks_id`),
  KEY `to_user_id` (`to_user_id`),
  KEY `quantity` (`quantity`),
  KEY `status_flag` (`status_flag`),
  KEY `date_time` (`date_time`)
) ENGINE=InnoDB AUTO_INCREMENT=407 DEFAULT CHARSET=latin1;
/*!40101 SET character_set_client = @saved_cs_client */;

--
-- Dumping data for table `drink_offerings`
--

LOCK TABLES `drink_offerings` WRITE;
/*!40000 ALTER TABLE `drink_offerings` DISABLE KEYS */;
INSERT INTO `drink_offerings` VALUES (1,27,56,104,78,1,'A','2015-04-27 16:40:59'),(2,1,90,89,90,1,'P','2015-04-30 23:41:45'),(3,1,93,90,90,1,'A','2015-04-30 23:51:51'),(4,1,90,89,90,1,'A','2015-05-01 03:52:05'),(5,1,90,88,63,1,'D','2015-05-03 11:28:26'),(6,1,4,1,5,1,'P','2015-05-03 11:31:51'),(7,1,90,2,93,1,'P','2015-05-03 16:51:43'),(8,27,99,103,98,1,'P','2015-05-04 08:46:46'),(9,27,99,103,98,1,'P','2015-05-04 08:47:04'),(10,27,99,105,98,1,'P','2015-05-04 08:47:32'),(11,27,99,103,98,1,'P','2015-05-04 08:47:48'),(12,27,99,103,98,1,'P','2015-05-04 08:48:36'),(13,27,99,103,98,1,'P','2015-05-04 08:50:16'),(14,27,99,103,98,1,'P','2015-05-04 08:51:32'),(15,27,99,103,98,1,'P','2015-05-04 09:48:46'),(16,27,98,103,99,1,'P','2015-05-04 09:58:45'),(17,27,98,103,99,1,'D','2015-05-04 09:58:45'),(18,27,98,103,99,1,'P','2015-05-04 09:58:46'),(19,27,99,103,98,1,'P','2015-05-04 10:02:20'),(20,27,99,103,98,1,'P','2015-05-04 10:02:20'),(21,27,99,107,98,1,'P','2015-05-04 10:15:28'),(22,27,99,107,98,1,'D','2015-05-04 10:18:02'),(23,27,98,103,99,1,'A','2015-05-04 15:00:53'),(24,27,99,105,98,1,'P','2015-05-04 15:10:05'),(25,27,99,105,98,1,'P','2015-05-04 15:22:13'),(26,27,98,105,99,1,'P','2015-05-04 15:23:10'),(27,27,98,105,99,1,'P','2015-05-04 15:29:02'),(28,27,98,105,99,1,'A','2015-05-04 15:29:25'),(29,27,98,103,99,1,'P','2015-05-04 15:30:27'),(30,27,98,103,99,1,'P','2015-05-05 07:22:38'),(31,27,98,105,99,1,'P','2015-05-05 07:53:52'),(32,27,98,107,99,1,'A','2015-05-05 07:54:25'),(33,27,99,103,98,1,'P','2015-05-05 10:08:05'),(34,27,106,103,105,1,'P','2015-05-06 08:23:30'),(35,27,106,104,105,1,'P','2015-05-06 08:24:30'),(36,40,116,108,117,1,'A','2015-05-12 10:22:29'),(37,40,117,108,116,1,'A','2015-05-12 10:23:29'),(38,1,5,89,4,1,'D','2015-05-20 14:18:50'),(39,1,5,89,4,1,'D','2015-05-20 14:19:57'),(40,1,5,2,4,1,'P','2015-05-20 15:25:18'),(41,1,5,2,4,1,'P','2015-05-21 04:40:22'),(42,1,5,89,4,1,'P','2015-05-21 04:56:21'),(43,1,4,88,5,1,'A','2015-05-21 06:02:04'),(44,27,109,107,113,1,'P','2015-05-21 06:07:20'),(45,1,5,90,4,1,'D','2015-05-21 06:18:46'),(46,1,4,89,5,1,'A','2015-05-21 06:20:06'),(47,27,113,103,109,1,'P','2015-05-21 09:42:37'),(48,27,109,105,113,1,'P','2015-05-21 09:47:14'),(49,27,113,103,109,1,'A','2015-05-21 09:55:19'),(50,27,109,106,113,1,'P','2015-05-21 10:03:21'),(51,27,109,103,113,1,'P','2015-05-21 10:03:41'),(52,27,113,104,109,1,'D','2015-05-21 10:04:19'),(53,27,109,103,113,1,'P','2015-05-21 10:34:43'),(54,27,109,105,113,1,'P','2015-05-21 10:36:50'),(55,27,98,103,99,1,'A','2015-05-21 10:52:49'),(56,27,99,103,98,1,'A','2015-05-21 10:56:01'),(57,27,99,103,98,1,'A','2015-05-21 10:56:13'),(58,27,99,104,98,1,'A','2015-05-21 10:56:31'),(59,27,98,104,99,1,'P','2015-05-21 11:01:45'),(60,27,98,106,99,1,'A','2015-05-21 11:10:00'),(61,27,99,106,98,1,'A','2015-05-21 11:10:31'),(62,27,98,103,99,1,'D','2015-05-21 11:11:17'),(63,27,113,105,109,1,'A','2015-05-21 12:40:13'),(64,1,4,2,5,1,'P','2015-05-21 12:52:50'),(65,27,113,103,109,1,'P','2015-05-21 12:55:25'),(66,27,113,103,109,1,'P','2015-05-21 12:56:17'),(67,27,99,103,98,1,'P','2015-05-21 13:05:39'),(68,27,98,107,99,1,'P','2015-05-21 13:06:12'),(69,27,99,103,98,1,'P','2015-05-21 13:06:56'),(70,1,4,2,5,1,'P','2015-05-21 13:09:22'),(71,1,4,89,5,1,'P','2015-05-21 13:12:18'),(72,27,113,104,109,1,'P','2015-05-21 14:01:27'),(73,27,113,103,109,1,'D','2015-05-21 14:36:25'),(74,27,113,107,109,1,'A','2015-05-21 14:41:34'),(75,27,98,103,99,1,'D','2015-05-21 14:52:18'),(76,27,98,107,99,1,'A','2015-05-21 14:53:50'),(77,27,98,103,99,1,'P','2015-05-21 14:55:23'),(78,27,98,103,99,1,'P','2015-05-21 16:01:20'),(79,27,98,107,99,1,'P','2015-05-21 16:01:59'),(80,27,98,107,99,1,'P','2015-05-21 16:06:40'),(81,1,4,2,5,1,'P','2015-05-21 16:13:00'),(82,1,5,1,4,1,'P','2015-05-22 03:48:43'),(83,1,5,2,4,1,'P','2015-05-22 03:53:38'),(84,1,5,88,4,1,'P','2015-05-22 04:20:25'),(85,1,5,89,4,1,'A','2015-05-22 04:31:57'),(86,27,109,103,113,1,'P','2015-05-22 07:29:42'),(87,27,98,103,124,1,'P','2015-05-22 07:53:46'),(88,27,98,103,124,1,'P','2015-05-22 07:55:24'),(89,27,98,103,124,1,'P','2015-05-22 07:55:36'),(90,27,98,107,124,1,'P','2015-05-22 07:55:50'),(91,27,98,107,124,1,'P','2015-05-22 08:21:43'),(92,27,124,107,98,1,'P','2015-05-22 08:21:59'),(93,27,124,104,98,1,'P','2015-05-22 08:22:46'),(94,27,124,104,98,1,'P','2015-05-22 08:23:56'),(95,27,98,105,124,1,'P','2015-05-22 08:24:35'),(96,27,98,105,124,1,'P','2015-05-22 08:33:56'),(97,27,98,107,124,1,'A','2015-05-22 08:34:27'),(98,27,124,103,98,1,'P','2015-05-22 08:36:41'),(99,27,98,103,124,1,'P','2015-05-22 08:46:49'),(100,1,4,2,5,1,'D','2015-05-22 09:55:44'),(101,27,98,103,124,1,'P','2015-05-22 09:56:38'),(102,27,98,107,124,1,'P','2015-05-22 09:57:34'),(103,1,5,90,4,1,'A','2015-05-22 09:57:52'),(104,27,98,103,124,1,'P','2015-05-22 10:02:36'),(105,27,109,103,124,1,'P','2015-05-22 10:08:43'),(106,27,113,103,109,1,'P','2015-05-22 13:26:12'),(107,27,113,105,109,1,'P','2015-05-22 13:55:53'),(108,27,113,106,109,1,'P','2015-05-22 13:59:59'),(109,27,138,107,137,1,'P','2015-05-22 14:01:02'),(110,27,109,104,113,1,'P','2015-05-22 14:07:23'),(111,27,113,107,109,1,'D','2015-05-22 14:09:35'),(112,27,137,107,138,1,'P','2015-05-22 14:12:12'),(113,27,137,103,138,1,'P','2015-05-22 14:22:35'),(114,27,138,107,137,1,'P','2015-05-22 14:22:46'),(115,27,113,105,109,1,'D','2015-05-22 14:24:30'),(116,27,109,103,113,1,'D','2015-05-22 14:26:44'),(117,27,113,105,109,1,'P','2015-05-22 14:27:00'),(118,27,138,107,137,1,'D','2015-05-22 14:27:14'),(119,27,113,104,109,1,'D','2015-05-22 14:28:13'),(120,27,138,103,137,1,'A','2015-05-22 14:28:20'),(121,27,113,103,109,1,'D','2015-05-22 14:30:53'),(122,27,109,104,113,1,'D','2015-05-22 14:42:21'),(123,27,109,106,113,1,'A','2015-05-22 14:43:18'),(124,27,138,107,137,1,'A','2015-05-22 15:09:15'),(125,27,138,103,137,1,'D','2015-05-22 15:09:38'),(126,27,138,107,137,1,'P','2015-05-22 15:12:49'),(127,27,138,107,137,1,'P','2015-05-22 15:13:34'),(128,27,138,103,137,1,'P','2015-05-22 15:16:32'),(129,27,138,103,137,1,'P','2015-05-22 15:18:35'),(130,27,138,107,137,1,'P','2015-05-22 15:19:50'),(131,1,4,90,5,1,'P','2015-05-22 15:33:58'),(132,1,4,90,5,1,'P','2015-05-22 15:34:40'),(133,1,4,2,5,1,'P','2015-05-22 15:37:40'),(134,1,4,89,5,1,'P','2015-05-22 15:38:42'),(135,1,4,2,5,1,'P','2015-05-22 15:40:24'),(136,1,4,1,5,1,'P','2015-05-22 15:43:16'),(137,1,4,90,5,1,'P','2015-05-22 15:44:49'),(138,1,4,88,5,1,'A','2015-05-22 15:45:04'),(139,1,4,2,5,1,'D','2015-05-22 15:45:32'),(140,1,4,2,5,1,'A','2015-05-22 15:52:33'),(141,1,4,88,5,1,'A','2015-05-22 15:54:53'),(142,27,142,103,141,1,'D','2015-05-22 15:56:56'),(143,27,142,107,141,1,'A','2015-05-22 16:02:50'),(144,27,142,103,141,1,'P','2015-05-22 16:06:33'),(145,27,141,103,142,1,'P','2015-05-22 16:07:21'),(146,27,142,107,141,1,'P','2015-05-22 16:12:58'),(147,27,141,103,142,1,'P','2015-05-22 16:15:34'),(148,1,5,1,4,1,'A','2015-05-22 16:37:37'),(149,1,4,89,5,1,'D','2015-05-22 16:40:01'),(150,1,5,90,4,1,'P','2015-05-22 16:42:30'),(151,1,4,90,5,1,'P','2015-05-22 16:47:54'),(152,1,4,88,5,1,'P','2015-05-22 16:48:03'),(153,1,4,1,5,1,'P','2015-05-22 16:48:17'),(154,27,98,107,146,1,'P','2015-05-25 07:34:56'),(155,27,98,103,146,1,'P','2015-05-25 07:35:06'),(156,27,98,107,146,1,'P','2015-05-25 07:35:47'),(157,27,98,103,99,1,'D','2015-05-25 08:27:44'),(158,27,156,103,157,1,'P','2015-05-25 12:09:05'),(159,27,156,103,132,1,'P','2015-05-25 12:16:56'),(160,27,109,106,98,1,'P','2015-05-25 12:43:06'),(161,27,109,103,113,1,'P','2015-05-25 13:56:29'),(162,27,109,106,113,1,'D','2015-05-25 14:03:59'),(163,27,113,104,109,1,'D','2015-05-25 14:08:05'),(164,27,156,107,157,1,'D','2015-05-25 15:20:25'),(165,27,157,103,156,1,'A','2015-05-25 15:20:50'),(166,27,157,103,156,1,'P','2015-05-25 15:22:34'),(167,27,156,103,157,1,'P','2015-05-25 15:23:18'),(168,27,157,107,156,1,'D','2015-05-25 15:24:01'),(169,27,157,103,156,1,'P','2015-05-25 15:24:23'),(170,27,156,103,157,1,'D','2015-05-25 15:25:01'),(171,27,157,103,156,1,'P','2015-05-25 15:28:34'),(172,27,109,104,98,1,'P','2015-05-26 03:29:29'),(173,27,109,105,107,1,'P','2015-05-26 03:41:21'),(174,27,113,105,109,1,'P','2015-05-26 04:45:44'),(175,27,113,105,109,1,'P','2015-05-26 04:47:34'),(176,27,113,106,109,1,'P','2015-05-26 05:00:31'),(177,27,113,103,109,1,'P','2015-05-26 05:12:51'),(178,27,109,104,113,1,'D','2015-05-26 05:25:09'),(179,27,113,106,109,1,'A','2015-05-26 05:26:26'),(180,27,113,105,109,1,'D','2015-05-26 05:30:21'),(181,27,113,107,109,1,'D','2015-05-26 05:31:48'),(182,27,109,107,113,1,'D','2015-05-26 05:32:57'),(183,27,113,106,109,1,'P','2015-05-26 05:33:59'),(184,27,113,105,109,1,'P','2015-05-26 05:34:39'),(185,27,113,104,109,1,'P','2015-05-26 05:34:52'),(186,27,113,103,109,1,'P','2015-05-26 05:35:05'),(187,27,113,107,109,1,'A','2015-05-26 06:23:38'),(188,27,109,105,113,1,'D','2015-05-26 06:58:18'),(189,27,109,104,113,1,'A','2015-05-26 06:59:12'),(190,27,113,103,109,1,'D','2015-05-26 07:00:03'),(191,27,109,104,113,1,'A','2015-05-26 07:01:16'),(192,27,164,106,165,1,'A','2015-05-26 07:32:43'),(193,27,162,103,163,1,'P','2015-05-26 08:25:13'),(194,27,164,103,165,1,'D','2015-05-26 09:20:07'),(195,27,164,107,165,1,'A','2015-05-26 09:21:41'),(196,27,165,105,164,1,'D','2015-05-26 09:23:19'),(197,27,164,103,165,1,'A','2015-05-26 09:24:53'),(198,27,164,107,165,1,'P','2015-05-26 09:31:48'),(199,27,109,105,98,1,'P','2015-05-26 10:24:29'),(200,27,109,105,128,1,'P','2015-05-26 10:43:03'),(201,27,164,103,165,1,'D','2015-05-26 12:44:35'),(202,27,165,107,164,1,'A','2015-05-26 12:48:58'),(203,27,165,106,164,1,'A','2015-05-26 12:50:00'),(204,27,164,103,165,1,'A','2015-05-26 14:03:34'),(205,27,164,105,165,1,'D','2015-05-26 14:09:31'),(206,27,165,103,164,1,'P','2015-05-26 14:10:42'),(207,27,164,103,165,1,'A','2015-05-26 14:15:09'),(208,27,164,103,165,1,'P','2015-05-26 14:51:11'),(209,27,168,103,165,1,'P','2015-05-26 15:36:33'),(210,27,168,103,98,1,'P','2015-05-26 15:40:34'),(211,27,168,103,165,1,'P','2015-05-26 15:42:32'),(212,27,164,106,113,1,'P','2015-05-27 07:13:29'),(213,27,164,105,113,1,'P','2015-05-27 08:17:31'),(214,27,172,103,171,1,'P','2015-05-27 13:20:48'),(215,27,172,107,171,1,'P','2015-05-27 13:24:20'),(216,27,173,103,172,1,'P','2015-05-27 13:46:56'),(217,27,175,103,98,1,'D','2015-05-29 08:50:49'),(218,27,175,103,98,1,'P','2015-05-29 09:16:26'),(219,27,175,107,98,1,'P','2015-05-29 09:22:37'),(220,27,175,110,98,1,'P','2015-05-29 09:27:06'),(221,27,175,105,171,1,'P','2015-05-29 09:29:00'),(222,27,175,107,165,1,'P','2015-05-29 09:30:01'),(223,27,175,107,98,1,'P','2015-05-29 10:27:11'),(224,27,175,107,98,1,'P','2015-05-29 10:39:57'),(225,27,175,103,98,1,'P','2015-05-29 10:57:36'),(226,1,90,89,63,1,'P','2015-05-31 12:21:15'),(227,1,4,89,5,1,'P','2015-06-02 14:08:23'),(228,27,98,110,99,1,'D','2015-06-03 06:44:17'),(229,1,183,89,182,1,'D','2015-06-03 12:55:55'),(230,1,183,90,182,1,'A','2015-06-03 13:00:11'),(231,1,183,90,182,1,'D','2015-06-03 13:05:38'),(232,1,190,90,189,1,'D','2015-06-04 09:52:10'),(233,1,189,89,190,1,'A','2015-06-04 09:54:25'),(234,1,189,1,190,1,'P','2015-06-04 09:57:27'),(235,1,4,1,5,1,'P','2015-06-04 10:54:00'),(236,1,4,1,5,1,'P','2015-06-04 11:09:04'),(237,1,189,1,185,1,'P','2015-06-08 11:15:40'),(238,1,189,1,185,1,'P','2015-06-08 11:15:51'),(239,1,189,1,185,1,'P','2015-06-08 11:17:44'),(240,1,189,90,185,1,'P','2015-06-08 11:17:55'),(241,1,189,1,185,1,'P','2015-06-08 11:18:04'),(242,1,189,1,185,1,'P','2015-06-08 11:18:29'),(243,1,4,90,5,1,'D','2015-06-10 07:28:23'),(244,1,4,2,5,1,'P','2015-06-10 07:29:34'),(245,1,5,88,4,1,'P','2015-06-10 15:47:26'),(246,1,5,89,4,1,'P','2015-06-10 16:02:06'),(247,1,196,90,195,1,'A','2015-06-11 10:07:53'),(248,1,196,89,195,1,'A','2015-06-11 10:09:00'),(249,1,196,90,195,1,'A','2015-06-11 10:09:50'),(250,1,195,2,196,1,'A','2015-06-11 10:10:37'),(251,1,195,1,196,1,'A','2015-06-11 10:11:39'),(252,1,196,90,195,1,'A','2015-06-11 12:09:20'),(253,1,4,2,195,1,'P','2015-06-11 12:31:58'),(254,1,195,90,4,1,'P','2015-06-11 12:33:23'),(255,1,5,1,4,1,'P','2015-06-11 12:42:33'),(256,1,5,1,4,1,'P','2015-06-11 12:52:28'),(257,1,5,89,4,1,'P','2015-06-11 12:52:56'),(258,1,5,1,4,1,'P','2015-06-11 14:58:55'),(259,1,4,1,5,1,'P','2015-06-11 14:59:46'),(260,1,4,2,5,1,'P','2015-06-11 15:12:07'),(261,1,4,1,5,1,'A','2015-06-12 08:40:22'),(262,1,5,2,4,1,'A','2015-06-12 08:40:44'),(263,1,4,1,5,1,'A','2015-06-12 08:44:03'),(264,1,5,90,4,1,'A','2015-06-12 09:17:58'),(265,1,195,90,196,1,'A','2015-06-12 12:37:42'),(266,1,195,89,196,1,'D','2015-06-12 12:38:27'),(267,1,196,90,195,1,'P','2015-06-12 13:43:09'),(268,1,196,89,195,1,'A','2015-06-12 13:57:45'),(269,1,196,90,195,1,'A','2015-06-12 13:59:28'),(270,1,196,90,195,1,'A','2015-06-12 14:09:22'),(271,1,196,1,195,1,'A','2015-06-12 14:11:57'),(272,1,196,88,195,1,'A','2015-06-12 14:20:50'),(273,1,196,90,195,1,'A','2015-06-12 14:22:22'),(274,1,196,90,195,1,'A','2015-06-12 14:24:11'),(275,1,195,90,196,1,'A','2015-06-12 14:24:44'),(276,1,196,90,195,1,'A','2015-06-12 14:35:25'),(277,1,195,90,4,1,'A','2015-06-15 11:57:21'),(278,1,196,88,188,1,'P','2015-06-22 11:19:21'),(279,1,188,90,196,1,'D','2015-06-22 11:45:19'),(280,1,196,90,188,1,'A','2015-06-22 11:46:54'),(281,1,196,88,188,1,'D','2015-06-22 11:51:28'),(282,1,5,1,4,1,'A','2015-06-22 12:04:40'),(283,1,5,2,4,1,'D','2015-06-22 12:07:22'),(284,1,196,2,4,1,'A','2015-06-22 12:09:59'),(285,1,4,1,196,1,'A','2015-06-22 12:11:42'),(286,1,196,2,4,1,'D','2015-06-22 12:12:24'),(287,1,5,2,4,1,'D','2015-06-22 12:34:11'),(288,1,4,89,5,1,'D','2015-06-22 12:37:00'),(289,1,5,1,4,1,'A','2015-06-22 12:43:07'),(290,1,5,2,196,1,'A','2015-06-22 12:47:47'),(291,1,196,88,5,1,'A','2015-06-22 12:48:22'),(292,1,4,88,5,1,'D','2015-06-22 12:49:54'),(293,1,5,1,4,1,'D','2015-06-22 12:51:17'),(294,1,4,90,5,1,'D','2015-06-22 12:58:41'),(295,1,4,89,5,1,'D','2015-06-22 13:03:25'),(296,1,4,2,5,1,'A','2015-06-22 13:07:51'),(297,1,4,2,5,1,'D','2015-06-22 13:13:11'),(298,1,195,90,196,1,'D','2015-06-23 15:30:59'),(299,1,196,89,195,1,'D','2015-06-23 15:31:41'),(300,1,195,89,196,1,'D','2015-06-23 15:32:51'),(301,1,196,89,195,1,'D','2015-06-23 15:33:40'),(302,1,195,1,196,1,'A','2015-06-23 15:57:42'),(303,1,196,1,195,1,'A','2015-06-23 15:58:24'),(304,1,195,90,196,1,'D','2015-06-24 14:36:02'),(305,1,195,90,196,1,'A','2015-06-24 14:39:21'),(306,1,196,89,195,1,'D','2015-06-24 14:42:26'),(307,1,195,90,196,1,'D','2015-06-24 14:46:35'),(308,1,196,1,195,1,'A','2015-06-24 14:52:50'),(309,1,196,90,195,1,'P','2015-06-24 15:00:16'),(310,1,196,90,195,1,'A','2015-06-24 15:02:10'),(311,1,196,90,195,1,'A','2015-06-24 19:00:13'),(312,1,231,1,4,1,'P','2015-06-24 19:57:41'),(313,1,232,90,196,1,'A','2015-06-24 21:23:19'),(314,1,232,90,196,1,'D','2015-06-24 21:30:57'),(315,1,232,90,196,1,'P','2015-06-24 21:31:39'),(316,1,195,90,196,1,'P','2015-06-24 21:37:18'),(317,1,195,90,196,1,'P','2015-06-24 21:37:33'),(318,1,195,1,196,1,'P','2015-06-24 21:38:17'),(319,1,195,90,196,1,'A','2015-06-25 15:49:11'),(320,1,196,90,195,1,'A','2015-06-25 15:51:02'),(321,1,63,2,90,1,'A','2015-06-25 17:03:35'),(322,1,90,88,63,1,'A','2015-06-25 17:20:35'),(323,1,90,2,63,1,'A','2015-06-25 17:21:29'),(324,1,90,1,63,1,'D','2015-06-25 17:26:03'),(325,1,63,88,90,1,'D','2015-06-25 17:31:09'),(326,1,195,90,189,1,'A','2015-06-26 19:12:18'),(327,1,189,1,195,1,'A','2015-06-26 19:13:05'),(328,1,195,88,189,1,'D','2015-06-26 19:14:38'),(329,1,195,2,189,1,'D','2015-06-26 19:37:23'),(330,1,196,90,195,1,'P','2015-06-29 16:42:34'),(331,1,196,90,195,1,'A','2015-06-29 16:47:16'),(332,1,195,90,196,1,'A','2015-06-29 16:47:52'),(333,1,196,90,195,1,'A','2015-06-29 16:48:37'),(334,1,195,90,196,1,'D','2015-06-29 16:50:39'),(335,1,196,90,195,1,'D','2015-06-29 16:52:01'),(336,1,195,89,196,1,'A','2015-06-29 16:54:22'),(337,1,196,89,195,1,'A','2015-06-29 16:56:49'),(338,1,196,90,195,1,'P','2015-06-29 17:03:43'),(339,1,195,90,196,1,'D','2015-06-29 17:03:50'),(340,1,196,90,195,1,'A','2015-06-29 20:07:26'),(341,1,196,1,195,1,'P','2015-06-29 20:08:42'),(342,1,196,1,195,1,'P','2015-06-29 20:33:02'),(343,1,196,90,195,1,'P','2015-06-29 20:33:25'),(344,1,196,1,195,1,'P','2015-06-29 20:36:33'),(345,1,196,90,195,1,'P','2015-06-29 20:37:20'),(346,1,5,1,4,1,'A','2015-06-30 19:37:58'),(347,1,5,2,4,1,'D','2015-06-30 19:47:47'),(348,1,5,2,4,1,'D','2015-06-30 20:10:34'),(349,1,4,90,5,1,'P','2015-06-30 20:13:20'),(350,1,4,90,5,1,'D','2015-06-30 20:53:21'),(351,1,4,1,5,1,'D','2015-06-30 20:55:52'),(352,1,4,88,5,1,'P','2015-06-30 20:56:52'),(353,1,5,2,4,1,'P','2015-06-30 20:59:15'),(354,1,4,2,5,1,'P','2015-06-30 21:14:01'),(355,1,4,90,5,1,'P','2015-06-30 21:18:28'),(356,1,4,1,5,1,'P','2015-06-30 21:18:46'),(357,1,5,1,4,1,'P','2015-06-30 21:25:32'),(358,1,4,89,5,1,'P','2015-06-30 21:46:47'),(359,1,4,2,5,1,'P','2015-06-30 21:47:50'),(360,1,4,90,5,1,'A','2015-06-30 21:56:37'),(361,1,5,90,4,1,'D','2015-06-30 21:56:52'),(362,1,4,1,5,1,'A','2015-07-01 12:47:20'),(363,1,196,90,195,1,'D','2015-07-01 16:47:27'),(364,1,196,90,195,1,'D','2015-07-01 16:48:11'),(365,1,196,90,195,1,'D','2015-07-01 20:44:43'),(366,1,196,90,195,1,'P','2015-07-01 20:45:40'),(367,1,195,90,196,1,'P','2015-07-01 20:46:31'),(368,1,196,90,195,1,'P','2015-07-01 20:49:10'),(369,1,195,90,196,1,'P','2015-07-01 20:49:43'),(370,1,195,90,196,1,'P','2015-07-01 20:52:55'),(371,1,196,90,195,1,'P','2015-07-01 20:54:41'),(372,1,196,1,195,1,'D','2015-07-01 20:59:28'),(373,1,195,90,196,1,'A','2015-07-01 21:00:36'),(374,1,195,90,196,1,'D','2015-07-01 21:12:57'),(375,1,195,90,196,1,'A','2015-07-01 21:13:36'),(376,1,196,90,195,1,'D','2015-07-01 21:14:48'),(377,1,196,90,195,1,'A','2015-07-01 21:15:49'),(378,1,196,90,195,1,'D','2015-07-01 21:29:06'),(379,1,195,90,196,1,'A','2015-07-01 21:30:01'),(380,1,195,90,196,1,'P','2015-07-01 21:31:19'),(381,1,259,90,196,1,'P','2015-07-02 20:22:27'),(382,1,259,1,196,1,'P','2015-07-02 20:22:41'),(383,1,260,90,196,1,'A','2015-07-02 20:30:51'),(384,1,260,1,196,1,'D','2015-07-02 20:33:59'),(385,1,260,90,196,1,'D','2015-07-02 20:34:33'),(386,1,196,90,260,1,'D','2015-07-02 20:35:04'),(387,1,196,90,260,1,'A','2015-07-02 20:35:50'),(388,1,260,90,196,1,'A','2015-07-02 20:36:23'),(389,1,260,90,196,1,'P','2015-07-02 20:39:44'),(390,1,195,90,196,1,'P','2015-07-02 21:23:25'),(391,1,195,90,196,1,'D','2015-07-02 22:12:07'),(392,1,196,90,195,1,'D','2015-07-03 14:38:31'),(393,1,196,1,195,1,'A','2015-07-03 14:53:20'),(394,1,195,90,189,1,'D','2015-07-06 18:38:23'),(395,1,195,1,189,1,'A','2015-07-06 18:40:16'),(396,1,195,90,196,1,'D','2015-07-06 18:43:07'),(397,1,196,2,189,1,'P','2015-07-08 12:27:52'),(398,1,90,2,5,1,'P','2015-07-14 12:44:32'),(399,1,90,2,227,1,'P','2015-07-14 12:49:01'),(400,1,90,88,195,1,'P','2015-07-14 12:53:15'),(401,1,90,88,196,1,'P','2015-07-28 18:13:22'),(402,1,63,88,196,1,'P','2015-08-12 22:37:26'),(403,1,63,88,255,1,'P','2015-08-13 19:04:19'),(404,1,63,88,4,1,'P','2015-08-13 19:21:06'),(405,1,63,116,303,1,'P','2016-03-08 11:13:28'),(406,1,63,116,308,1,'P','2016-03-11 16:38:44');
/*!40000 ALTER TABLE `drink_offerings` ENABLE KEYS */;
UNLOCK TABLES;

--
-- Table structure for table `drinks_master`
--

DROP TABLE IF EXISTS `drinks_master`;
/*!40101 SET @saved_cs_client     = @@character_set_client */;
/*!40101 SET character_set_client = utf8 */;
CREATE TABLE `drinks_master` (
  `id` int(11) NOT NULL AUTO_INCREMENT,
  `hotel_id` int(11) DEFAULT NULL,
  `staff_id` int(11) DEFAULT NULL,
  `title` varchar(200) DEFAULT NULL,
  `description` text,
  `image` varchar(100) DEFAULT NULL,
  `price` float(10,2) DEFAULT NULL,
  `date_time` datetime DEFAULT NULL,
  `active` enum('Y','N') DEFAULT 'Y',
  PRIMARY KEY (`id`),
  KEY `hotel_id` (`hotel_id`),
  KEY `staff_id` (`staff_id`),
  KEY `title` (`title`),
  KEY `price` (`price`),
  KEY `active` (`active`)
) ENGINE=InnoDB AUTO_INCREMENT=118 DEFAULT CHARSET=latin1;
/*!40101 SET character_set_client = @saved_cs_client */;

--
-- Dumping data for table `drinks_master`
--

LOCK TABLES `drinks_master` WRITE;
/*!40000 ALTER TABLE `drinks_master` DISABLE KEYS */;
INSERT INTO `drinks_master` VALUES (1,1,NULL,'Drink 1','     Drink 1','1427945606.jpg',20.00,'2015-04-02 09:03:26','Y'),(2,1,NULL,'Drink2','Drink2','1427945634.jpg',25.00,'2015-04-02 09:03:54','Y'),(88,1,NULL,'pepsi','pepsi',NULL,11.00,'2015-04-02 09:24:55','Y'),(89,1,NULL,'pepsi','pepsi','1427946938.jpg',11.00,'2015-04-02 09:25:38','Y'),(90,1,NULL,'cocola','cocola','1427947161.jpg',34.00,'2015-04-02 09:26:26','Y'),(91,2,NULL,'Beer','     Testing purpose','1428607379.jpg',20.00,'2015-04-09 19:22:59','Y'),(98,6,NULL,'Pepsi','Test','1429289068.jpg',10.00,'2015-04-17 16:44:28','Y'),(99,6,NULL,'coca cola','Test Drink','1429289228.jpg',20.00,'2015-04-17 16:47:08','Y'),(101,26,NULL,'Pepsi','Test drink','1429792038.jpg',20.00,'2015-04-23 12:27:18','Y'),(102,26,NULL,'coca cola','Test coca cola',NULL,30.00,'2015-04-23 12:55:53','Y'),(103,27,NULL,'Cocktail','Test Drink','1429807013.jpg',20.00,'2015-04-23 16:36:53','Y'),(104,27,NULL,'Test Drink','Test Drink',NULL,30.00,'2015-04-27 08:46:31','Y'),(105,27,NULL,'Test Drink3','test',NULL,40.00,'2015-04-27 08:49:08','Y'),(106,27,NULL,'Test Drink1','dsdsd',NULL,10.00,'2015-04-30 13:10:14','Y'),(107,27,NULL,'Nice Drink','sdsd',NULL,20.00,'2015-04-30 13:10:31','Y'),(108,40,NULL,'Drink1','Test drink','1431440522.jpg',10.00,'2015-05-12 10:22:02','Y'),(109,40,NULL,'Drink2','Test Drink',NULL,20.00,'2015-05-12 15:41:14','Y'),(110,27,NULL,'Pepsi','Peps1',NULL,30.00,'2015-05-28 06:56:04','Y'),(111,49,NULL,'Drink1','Test Drink',NULL,10.00,'2015-06-17 09:15:27','Y'),(112,49,NULL,'Test Drink2','test',NULL,20.00,'2015-06-17 09:16:30','Y'),(114,52,NULL,'Pepsi','Test Drink','1434638870.jpg',20.00,'2015-06-18 14:47:50','Y'),(115,52,NULL,'Cock Tail','Test drink','1434638968.jpg',30.00,'2015-06-18 14:49:28','Y'),(116,61,NULL,'cola','buona',NULL,10.00,'2016-03-08 11:10:04','Y'),(117,61,NULL,'cola','buona',NULL,10.00,'2016-03-08 11:10:05','Y');
/*!40000 ALTER TABLE `drinks_master` ENABLE KEYS */;
UNLOCK TABLES;

--
-- Table structure for table `email_config`
--

DROP TABLE IF EXISTS `email_config`;
/*!40101 SET @saved_cs_client     = @@character_set_client */;
/*!40101 SET character_set_client = utf8 */;
CREATE TABLE `email_config` (
  `email_id` int(11) NOT NULL AUTO_INCREMENT,
  `name` varchar(60) NOT NULL,
  `email_title` varchar(100) NOT NULL,
  `email_template` text NOT NULL,
  `email_subject` varchar(255) NOT NULL,
  `status` char(1) NOT NULL DEFAULT 'Y',
  PRIMARY KEY (`email_id`),
  KEY `name` (`name`),
  KEY `email_title` (`email_title`)
) ENGINE=MyISAM AUTO_INCREMENT=10 DEFAULT CHARSET=latin1;
/*!40101 SET character_set_client = @saved_cs_client */;

--
-- Dumping data for table `email_config`
--

LOCK TABLES `email_config` WRITE;
/*!40000 ALTER TABLE `email_config` DISABLE KEYS */;
INSERT INTO `email_config` VALUES (1,'member_signup_confirmation_user','Member Registration confirmation for Guest','<p>Hi #FULL_NAME# ,</p>\n<p>Congratulations! You have successfully signed up for InHotel.</p>\n<p>Your account Details</p>\n<p>&nbsp;Username :&nbsp; #USERNAME#</p>\n<p>Password :&nbsp;#PASSWORD#</p>\n<p>&nbsp;</p>\n<p>Thanks,</p>\n<p>InHotel Team.</p>\n<p>&nbsp;</p>',' Account Activation','Y'),(2,'forgot_password','Forgot Password','<p>Hi #FULL_NAME# ,</p>\n<p>Your new password:</p>\n<p>Password :&nbsp;#PASSWORD#</p>\n<p>&nbsp;</p>\n<p>Thanks,</p>\n<p>InHotel Team.</p>\n<p>&nbsp;</p>',' Forgot Password','Y'),(5,'member_signup_confirmation_hotel_admin','Member Registration confirmation for Hotel by admin','<p>Hi #FULL_NAME# ,</p>\n<p>Congratulations!&nbsp;Your hotel has been successfully signed up for InHotel.</p>\n<p>Your account Details</p>\n<p>&nbsp;Username :&nbsp; #USERNAME#</p>\n<p>Password :&nbsp;#PASSWORD#</p>\n<p>Please login your InHotel account by clicking on the link below.</p>\n<p>#LINK# &nbsp;</p>\n<p>&nbsp;</p>\n<p>Thanks,</p>\n<p>InHotel Team.</p>',' Account Activation for Hotel by Admin','Y'),(3,'member_signup_confirmation_hotel','Member Registration confirmation for Hotel','<p>Hi #FULL_NAME# ,</p>\r\n<p>Congratulations! Your hotel has been successfully signed up for InHotel.</p>\r\n<p>Your current subscription plan is 2 months free and can upgrade at any time from your settingsl.</p>\r\n<p>Email Confirmation</p>\r\n<p>Please login your InHotel account by clicking on the link below.</p>\r\n<p>#LINK# &nbsp;</p>\r\n<p>Thanks,</p>\r\n<p>InHotel Team.</p>\r\n<p>&nbsp;</p>',' Account Activation for Hotel','Y'),(4,'member_signup_confirmation_staff_admin','Member Registration confirmation for Staff by admin','<p>Hi #FULL_NAME# ,</p>\n<p>Congratulations! You have successfully signed up for InHotel.</p>\n<p>Your account Details</p>\n<p>&nbsp;Username :&nbsp; #USERNAME#</p>\n<p>Password :&nbsp;#PASSWORD#</p>\n<p>Please login your InHotel account by clicking on the link below.</p>\n<p>#LINK# &nbsp;</p>\n<p>&nbsp;</p>\n<p>Thanks,</p>\n<p>InHotel Team.</p>\n<p>&nbsp;</p>','Account Activation for Hotel Staff by Admin','Y'),(6,'member_signup_confirmation_staff','Member Registration confirmation for Staff','<p>Hi #FULL_NAME# ,</p>\r\n<p>Congratulations! You have successfully signed up for InHotel.</p>\r\n<p>Your account Details</p>\r\n<p>&nbsp;Username :&nbsp; #USERNAME#</p>\r\n<p>Password :&nbsp;#PASSWORD#</p>\r\n<p>Please activate your InHotel account by clicking on the activation link below.</p>\r\n<p>#LINK# &nbsp;</p>\r\n<p>&nbsp;</p>\r\n<p>Thanks,</p>\r\n<p>InHotel Team.</p>\r\n<p>&nbsp;</p>','Account Activation for Hotel Staff','Y'),(7,'feedback_notification','Feedback Notification','<p>Hi,</p>\r\n<p>You have feedback from #USERNAME#</p>\r\n<p>Feedback :</p>\r\n<p>&nbsp;&nbsp;&nbsp;&nbsp;&nbsp;&nbsp;&nbsp;&nbsp;&nbsp;&nbsp;&nbsp;&nbsp;&nbsp; #FEEDBACK#</p>\r\n<p>Thanks,</p>\r\n<p>InHotel Team.</p>','Feedback Notification','Y'),(8,'Membership Subscription Mail','Membership Subscription Mail','Hello #USER#<br />\r\n<p>You have Successfully Subscribed the Memebership</p>\r\n\r\n Please login to #LINK#  for more details.<br /><br /> Thanks<br /> Inhotel Team','Membership Subscription Mail','Y'),(9,'Membership expire notification','Membership expire notification','Hello #USER#,<br />\r\n<p>Your Membership will expire on #EXPIRY_DATE#.</p>\r\n<p>Please Renew your Membership by logging into the site.</p>\r\n<br />\r\n Please login to #LINK# for more details.<br /><br /> Thanks<br /> Inhotel.com','Membership expire notification','Y');
/*!40000 ALTER TABLE `email_config` ENABLE KEYS */;
UNLOCK TABLES;

--
-- Table structure for table `feedback_master`
--

DROP TABLE IF EXISTS `feedback_master`;
/*!40101 SET @saved_cs_client     = @@character_set_client */;
/*!40101 SET character_set_client = utf8 */;
CREATE TABLE `feedback_master` (
  `id` int(11) NOT NULL AUTO_INCREMENT,
  `hotel_id` int(11) DEFAULT NULL,
  `user_id` int(11) DEFAULT NULL,
  `comments` text,
  `date_time` datetime DEFAULT NULL,
  `read_status` enum('Y','N') DEFAULT 'N',
  PRIMARY KEY (`id`),
  KEY `hotel_id` (`hotel_id`),
  KEY `user_id` (`user_id`),
  KEY `read_status` (`read_status`)
) ENGINE=InnoDB AUTO_INCREMENT=2 DEFAULT CHARSET=latin1;
/*!40101 SET character_set_client = @saved_cs_client */;

--
-- Dumping data for table `feedback_master`
--

LOCK TABLES `feedback_master` WRITE;
/*!40000 ALTER TABLE `feedback_master` DISABLE KEYS */;
INSERT INTO `feedback_master` VALUES (1,1,156,'test comment','2015-03-12 11:00:00','N');
/*!40000 ALTER TABLE `feedback_master` ENABLE KEYS */;
UNLOCK TABLES;

--
-- Table structure for table `hotel_experience`
--

DROP TABLE IF EXISTS `hotel_experience`;
/*!40101 SET @saved_cs_client     = @@character_set_client */;
/*!40101 SET character_set_client = utf8 */;
CREATE TABLE `hotel_experience` (
  `hotel_id` int(11) DEFAULT NULL,
  `experiance` text,
  `user_id` int(11) DEFAULT NULL,
  `date_time` datetime DEFAULT NULL,
  `id` int(11) NOT NULL AUTO_INCREMENT,
  PRIMARY KEY (`id`)
) ENGINE=InnoDB AUTO_INCREMENT=123 DEFAULT CHARSET=latin1;
/*!40101 SET character_set_client = @saved_cs_client */;

--
-- Dumping data for table `hotel_experience`
--

LOCK TABLES `hotel_experience` WRITE;
/*!40000 ALTER TABLE `hotel_experience` DISABLE KEYS */;
INSERT INTO `hotel_experience` VALUES (27,'Gdfhi cbnkn c bnmk bnmkk nkk bcnmmj mbb mkkk llllll',56,'2015-04-27 16:36:36',1),(1,'test',4,'2015-04-29 02:16:59',2),(1,'test',4,'2015-04-29 05:34:05',3),(1,'Xbx xbxfn',90,'2015-04-29 11:24:08',4),(1,'Write Your ghhhhj',90,'2015-04-29 11:24:17',5),(1,'Test',90,'2015-04-29 11:26:42',6),(1,'Fhj kid ffhj',90,'2015-04-29 11:27:19',7),(1,'Cicfif',90,'2015-04-29 11:28:25',8),(27,'Hi nice hotel to stay',98,'2015-05-04 14:40:20',9),(27,'Fhh chjkkl',99,'2015-05-04 14:41:39',10),(27,'Write Your  x sb',99,'2015-05-04 14:42:58',11),(27,'Write Your Experiance',99,'2015-05-04 14:44:59',12),(27,'Write Your Experiance',99,'2015-05-04 14:45:04',13),(27,'Write Your Experiance',99,'2015-05-04 14:45:17',14),(27,'',105,'2015-05-05 15:11:49',15),(27,'Write Your Experience',106,'2015-05-06 08:22:54',16),(27,'cfgh',113,'2015-05-11 16:44:04',17),(27,'Vhj',113,'2015-05-11 16:44:41',18),(27,'wcevv',113,'2015-05-11 16:50:39',19),(40,'Test',116,'2015-05-12 15:14:20',20),(40,'Sigh dhkj dhkj dhkj dhkj Chen dhkj Chloe CNBC comma ncmmk Bloch calf hjj bulk mm nb ll klick blklgbjhjk jk',116,'2015-05-12 15:15:31',21),(27,'hh',113,'2015-05-12 15:36:47',22),(27,'hello',113,'2015-05-12 15:38:50',23),(27,'testing',113,'2015-05-14 15:52:43',24),(27,'DDD',113,'2015-05-14 15:53:57',25),(27,'hhhh%0Ahjsjsj',113,'2015-05-14 15:57:45',26),(27,'testing%0Atesting%0A',120,'2015-05-15 13:32:25',27),(27,'ggsjss%0Abbxnnxc%0Avxnxkckc',120,'2015-05-15 13:33:01',28),(27,'test%0Atesting%0A',120,'2015-05-15 13:34:08',29),(27,'ggf%0Ahgg%0Ahhh%0Ahhh%0Ah+HB%0Ano%0Aj%0A%0A',109,'2015-05-19 10:31:43',30),(1,'test',4,'2015-05-20 03:47:29',32),(1,'tehgfhghst%0Adfsfdfdf%0A',4,'2015-05-20 03:51:46',33),(1,'tehgfhghst%0Adfsfdfdf%0A',4,'2015-05-20 03:53:43',34),(1,'hit%0Aits%0Aan%0Aexperience',4,'2015-05-20 03:56:18',35),(1,'hi%0Aits%0Aan%0Aexperience',4,'2015-05-20 04:06:28',36),(27,'Test',99,'2015-05-21 10:27:28',37),(27,'DWrite Your Experiance',98,'2015-05-21 13:34:14',38),(27,'Write Your fmckxkckc',99,'2015-05-21 13:34:21',39),(27,'Zhxhxcicof',98,'2015-05-21 13:34:31',40),(27,'Write Yourghjk',99,'2015-05-21 14:10:51',41),(27,'Dghjkk',99,'2015-05-21 14:11:04',42),(1,'Scgv',4,'2015-05-21 14:12:18',43),(1,'Gggg',4,'2015-05-21 14:17:07',44),(1,'Dfgggg%0ADgbdgv',4,'2015-05-21 14:26:14',45),(1,'Sffdcg',4,'2015-05-21 14:26:36',46),(1,'Dcg%0ADfgg%0AJhhh',4,'2015-05-21 14:26:59',47),(27,'dsfsdfsd%0Adfdsfsd',99,'2015-05-22 03:26:30',48),(27,'haii%20123',99,'2015-05-22 03:30:11',49),(27,'Bdndn%0AShsh%20she',138,'2015-05-22 15:33:40',50),(27,'Gg%20hjjj%20%0ACbnnk',138,'2015-05-22 15:33:50',51),(27,'',137,'2015-05-25 06:46:50',52),(27,'',137,'2015-05-25 06:46:56',53),(27,'Test%0ATesting',98,'2015-05-25 08:13:49',54),(27,'%0A',98,'2015-05-25 08:14:02',55),(27,'Test%0ATest',98,'2015-05-25 08:14:12',56),(27,'Vbjj%0ABbj',156,'2015-05-25 12:13:30',57),(27,'%0AJj',156,'2015-05-25 12:13:40',58),(27,'',156,'2015-05-25 12:13:46',59),(27,'Testing%20trst%20%0ALast%20test',157,'2015-05-25 13:06:02',60),(27,'Nice%20hotel%20to%20stay',157,'2015-05-25 13:07:04',61),(27,'test%0Afggh',164,'2015-05-26 10:18:50',62),(27,'nice+hotel',165,'2015-05-26 14:56:09',63),(27,'nice+%0Ahotel',165,'2015-05-26 14:56:28',64),(NULL,'experiance%0Aexperiance%0Aexperiance%20experiance%0Aexperiance%0Aexperiance',4,'2015-05-27 06:23:32',65),(NULL,'ys%0Aexperiance%0Aexperiance%20experiance%0Aexperiance%0Aexperiance',4,'2015-05-27 06:23:56',66),(NULL,'ys%0Aexperiance%0Aexperiance%20experiance%0Aexperiance%0Aexperiance',4,'2015-05-27 06:23:59',67),(NULL,'ys%0Aexperiance%0Aexperiance%20experiance%0Aexperiance%0Aexperiance',4,'2015-05-27 06:25:07',68),(1,'ys%0Aexperiance%0Aexperiance%20experiance%0Aexperiance%0Aexperiance',4,'2015-05-27 06:26:25',69),(27,'yuio',164,'2015-05-27 07:15:37',70),(27,'nice+hotel+to+stay%0Anice+place%0A',172,'2015-05-27 12:48:05',71),(27,'hi+haripriya...+space+space+next%0Anext%0A',172,'2015-05-27 12:50:00',72),(27,'hello',109,'2015-05-28 02:33:13',73),(27,'nice+hotel',109,'2015-05-28 02:33:41',74),(27,'hai%0Anice',109,'2015-05-28 02:34:04',75),(27,'hellosss+space%0Anext',109,'2015-05-28 02:52:05',76),(27,'yyyyyyhh+hhhj%0A',109,'2015-05-28 02:53:00',77),(27,'space+space%0Anext',109,'2015-05-28 02:54:49',78),(27,'space+space%0Ajjjjj',109,'2015-05-28 02:55:32',79),(27,'sap+space%0Abbbb',109,'2015-05-28 03:06:26',80),(27,'CCC+CCC%0Abbbb',109,'2015-05-28 03:11:10',81),(27,'xxxx+vvvv%0Akkkk',109,'2015-05-28 03:12:36',82),(27,'cccc+vvvv%0Annnnn',109,'2015-05-28 03:15:40',83),(27,'vvv+BBB%0Ammmm',109,'2015-05-28 03:18:35',84),(27,'fff+vvv%0Aggg',109,'2015-05-28 03:21:09',85),(27,'gg+hhh%0Avvvvv',109,'2015-05-28 03:23:07',86),(27,'GGG+CCC%0Ahhh',109,'2015-05-28 03:23:22',87),(27,'ff%0Ahhhh+ggg',109,'2015-05-28 03:24:24',88),(27,'GGG+GGG%0Abbbbb',109,'2015-05-28 03:37:50',89),(27,'gg+vvv%0Agggg',109,'2015-05-28 03:41:05',90),(27,'hh+hh%0Ann',109,'2015-05-28 03:56:33',91),(27,'gg+gg%0Ann',109,'2015-05-28 03:57:19',92),(27,'CCC+CCC%0Annnn',109,'2015-05-28 04:01:28',93),(27,'CCC+CCC%0Annnn',109,'2015-05-28 04:01:44',94),(27,'CCC+CCC%0Annnn',109,'2015-05-28 04:03:14',95),(27,'CCC+CCC%0Annnn',109,'2015-05-28 04:03:24',96),(27,'vvv+vvv%0Ahgggg',109,'2015-05-28 04:16:15',97),(27,'vvv+vvv%0Ahgggg',109,'2015-05-28 04:18:40',98),(27,'vvv+vvv%0Ahgggg',109,'2015-05-28 04:19:02',99),(27,'gshgs+dhdh%0Ahhh',109,'2015-05-28 04:24:13',100),(27,'gshgs+dhdh+LPP%0Ahhh',109,'2015-05-28 04:30:35',101),(1,'Yhsjdjfjkfkfkfoifkf',90,'2015-05-31 11:25:40',102),(1,'Ghzhxj',90,'2015-05-31 12:23:39',103),(27,'test%0Atesting%0Atestinggghh',98,'2015-06-02 10:12:55',104),(27,'xvvb+fjkk+fjkkkk+gjklll+fhkkk+djlhd+fsgjk+dhjkj+fnk+gbkl+gjkk+fjk+fjki+fnkll+cjkl+fjllj+cjj+cjjkv+vkkkk+tedyl+testing',98,'2015-06-02 10:14:49',105),(1,'hello',196,'2015-06-22 10:54:48',106),(1,'',195,'2015-06-24 15:07:53',107),(1,'',195,'2015-06-24 15:08:04',108),(1,'%0A%0A%0A',195,'2015-06-24 15:08:22',109),(1,'Vivivkvovbl%20ob%20bobobgobvpgpbb%20pbobpbpvohpjpbpbph.%20Test%20bonobo%20ovlbl',226,'2015-06-24 15:57:00',110),(1,'%0A%0A%0A%0A%0A',4,'2015-06-24 16:57:15',111),(1,'%0A%0A%0A%0A',4,'2015-06-24 17:04:41',112),(1,'Vjkk',238,'2015-06-26 14:59:10',113),(1,'I\'m%20',238,'2015-06-26 14:59:25',114),(1,'Nice%20hotel',63,'2015-08-12 22:37:56',115),(1,'%0A%0ADear%20manager,%20I%20%20love%20this%20hotel%20!%0A',63,'2015-08-13 17:14:01',116),(1,'Dear%20Manager,%20I%20like%20the%20hotel%20but%20the%20breakfast%20%20was%20%20not%20great.',63,'2015-08-13 19:05:43',117),(1,'dear%20manager,%20I%20lake%20the%20hotel%20but%20%20you%20can%20improve%20%20the%20breakfast!',63,'2015-08-13 19:22:08',118),(1,'Hi%20I%20am%20happ',63,'2015-10-01 12:17:11',119),(1,'Very%20nice%20hotel%20but%20i%20am%20not%20happy%20with%20the%20%20breackfast',63,'2015-10-04 20:10:26',120),(1,'DEAR%20MANAGER,%20I%20LIKE%20THE%20HOTEL%20BUT%20MY%20ROOM%20WAS%20NOISY%20I%20COULD%20NOT%20SLEEP',63,'2015-10-04 20:28:33',121),(1,'DEAR%20MANAGER%20MY%20ROOM%20IS%20TOO%20NOIST%20I%20CAN%7BT%20SLEEP',63,'2015-10-04 22:50:48',122);
/*!40000 ALTER TABLE `hotel_experience` ENABLE KEYS */;
UNLOCK TABLES;

--
-- Table structure for table `hotel_profile`
--

DROP TABLE IF EXISTS `hotel_profile`;
/*!40101 SET @saved_cs_client     = @@character_set_client */;
/*!40101 SET character_set_client = utf8 */;
CREATE TABLE `hotel_profile` (
  `id` int(11) NOT NULL AUTO_INCREMENT,
  `user_id` int(11) DEFAULT NULL,
  `title` varchar(200) DEFAULT NULL,
  `short_description` text,
  `description` text,
  `city` varchar(200) DEFAULT NULL,
  `address` varchar(255) DEFAULT NULL,
  `contact_number` varchar(100) DEFAULT NULL,
  `image` varchar(50) DEFAULT NULL,
  `website` varchar(150) DEFAULT NULL,
  `feedback_email` varchar(200) DEFAULT NULL,
  `date_time` datetime DEFAULT NULL,
  `zipcode` varchar(100) NOT NULL,
  `time_zone` varchar(100) NOT NULL,
  PRIMARY KEY (`id`),
  KEY `user_id` (`user_id`),
  KEY `city` (`city`),
  KEY `address` (`address`),
  KEY `contact_number` (`contact_number`),
  KEY `website` (`website`),
  KEY `feedback_email` (`feedback_email`)
) ENGINE=InnoDB AUTO_INCREMENT=81 DEFAULT CHARSET=latin1;
/*!40101 SET character_set_client = @saved_cs_client */;

--
-- Dumping data for table `hotel_profile`
--

LOCK TABLES `hotel_profile` WRITE;
/*!40000 ALTER TABLE `hotel_profile` DISABLE KEYS */;
INSERT INTO `hotel_profile` VALUES (1,1,'mereena hotel','mereena hotel','mereena hotel','Rome','3 Principe Amedeo Street,\nTermini Central Station,\nRome, \nItaly ','12345678','1429255409.jpg','www.hotel1.com','haripriya@newagesmb.com',NULL,'RM 00185 ','Europe/Rome'),(2,11,'Beachorchid','Test Hotel','Test Hotel','Princeton','231 Clarksville road','12332332333',NULL,'www.beachorchid.com','','2015-04-09 17:10:27','',''),(5,18,'vani','','','paadivattam','Kottayam','324345657678',NULL,'',NULL,NULL,'',''),(6,19,'Windsor','     Test Restaurant','  Test Hotel   ','Princeton','231 Clarksville road','123423342333','1429291835.jpg','www.windsor.com',NULL,'2015-04-17 16:38:58','',''),(7,20,'Windsor','     Test Restaurant','  Test Hotel   ','Princeton','231 Clarksville road','123423342333',NULL,'www.windsor.com',NULL,'2015-04-17 16:39:13','',''),(8,21,'sdsd','     ','     ','Princeton','231 Clarksville road','123423342333',NULL,'sdsd',NULL,'2015-04-17 16:40:40','',''),(9,22,'test','     ','     ','testreset1','testreset1','243254364',NULL,'',NULL,'2015-04-20 06:28:19','',''),(10,23,'Home ',NULL,NULL,NULL,NULL,'324345657678',NULL,NULL,NULL,NULL,'',''),(11,24,'holyangel hotel','     ernakulam','     ernakulam','ernakulam','ernakulam','4234324234234',NULL,'www.hotel1@inhotel.com',NULL,'2015-04-20 11:14:20','',''),(12,25,'holyangel hotel','     ernakulam','     ernakulam','ernakulam','ernakulam','4234324234234',NULL,'www.hotel1@inhotel.com',NULL,'2015-04-20 11:15:21','',''),(13,26,'holyangel hotel','     ernakulam','     ernakulam','ernakulam','ernakulam','4234324234234',NULL,'www.hotel1@inhotel.com',NULL,'2015-04-20 11:15:27','',''),(14,27,'holyangel hotel','     ernakulam','     ernakulam','ernakulam','ernakulam','4234324234234',NULL,'www.hotel1@inhotel.com',NULL,'2015-04-20 11:17:24','',''),(15,28,'holyangel hotel','     ernakulam','     ernakulam','ernakulam','ernakulam','4234324234234',NULL,'www.hotel1@inhotel.com',NULL,'2015-04-20 11:17:27','',''),(16,29,'holyangel hotel','     ernakulam','     ernakulam','ernakulam','ernakulam','4234324234234',NULL,'www.hotel1@inhotel.com',NULL,'2015-04-20 11:20:38','',''),(17,30,'mereena123 hotel','     ','     ','ernakulam','ernakulam','4234324234234',NULL,'www.hotel1234@inhotel.com',NULL,'2015-04-20 11:23:44','',''),(18,31,'mereena123 hotel','     ','     ','ernakulam','ernakulam','4234324234234',NULL,'www.hotel1234@inhotel.com',NULL,'2015-04-20 11:25:14','',''),(19,32,'mereena123 hotel','     ','     ','ernakulam','ernakulam','4234324234234',NULL,'www.hotel1234@inhotel.com',NULL,'2015-04-20 11:29:54','',''),(20,33,'fgdf','     ','     ','fdg','fgdfg','fg',NULL,'dfgdf',NULL,'2015-04-20 11:31:33','',''),(21,34,'mereena hotel123','     ','     ','ernakulam','ernakulam','4234324234234',NULL,'',NULL,'2015-04-20 11:36:16','',''),(22,35,'test','     ','     ','ernakulam','padivattom','123456789',NULL,'',NULL,'2015-04-20 12:35:04','',''),(23,38,'TajMalabar','Test\nTesting','Test\nTesting','Princeton','231 Clarksville roadPrinceton Junction NJ','1-233-233-2333','1429720643.jpg','www.taj.com',NULL,NULL,'',''),(24,39,'oberon','     Test \n      Testing','     ','NewYork','111 greensfield Town','1-333-233-2333','1429720967.jpg','www.oberon.com',NULL,'2015-04-22 16:42:46','',''),(25,40,'Newage','Test\nTesting','Test\nTesting','Princeton','231 Clarksville road Princeton Junction NewJersey','1-233-233-2333','1429734840.jpg','www.newage.com',NULL,NULL,'',''),(26,41,'Raviz','     Test\nTesting','     Test\nTesting','NY','100 Goldtown ville','1-233-233-4555','1429721666.jpg','www.raviz.com',NULL,'2015-04-22 16:54:26','',''),(27,47,'ParkCentral','    Test\nTesting','Nice place to dream and rest asdf dsf skdfj ksd fkjds jfksd jfksd jfkds jfks dfksd jfksd jf ksf sdk fksd jfks dfksd fksd fkjsd fksd jfksd fjksd fkd fkds fjksdf ksd fjks fsdkf kds fkds fksd fkds fksd fjks dfkjs dfkds fsjd fjks fks jfds dfks jdfksd jfjksd fk sdfks jfdksd fksd fkj sd fkjsdf ksdfk jsf ksdj fjs kfjsdf ksd fksf iojlkjkk nono o o oi  u i i iu i i i uikuj  ik i  ik ik    iuk ui testing','Princeton','231 Clarksville road Princeton Junction NewJersey','1-233-233-2333','1429801553.jpg','www.parkcentral.com','haripriya@newagesmb.com','2015-04-23 15:05:53','',''),(28,51,'Lucia','     aghsd dahd sad hsa dhsadj d as hdasjdjsad hsa jdsa hdjsad jasd jasdjas hdjasd asdh jsa djas d jsad jsa djas djsa djas dj asdj as sa dhsa dj sdja sdjasd jsad jsa djs hadjasd asjd jsa dj sa','     sadasd sadsabd sadnas dnbsa db sa dnas d sa das dbnas dnasdb asnbd sand nas dnas dnsab dnsa dbsa dnsa dnbsa dnbasd nsbad ansd nsad nad nas dnasdbsa dnbas dnsad nasd nsad ','Princeton','231 Clarksville road Princeton Junction NewJersey','1-233-233-2333','1429819667.jpg','www.lucia.com',NULL,'2015-04-23 20:07:47','',''),(29,58,'Marriot',NULL,NULL,NULL,NULL,'12332332333',NULL,NULL,NULL,NULL,'',''),(30,61,'Goldenpark','     ','     ','Princeton','231 clarksville road ','1232323232323',NULL,'www.gp.com',NULL,'2015-04-24 15:10:30','',''),(31,64,'lavender',NULL,NULL,NULL,NULL,'3423423423435',NULL,NULL,NULL,NULL,'',''),(32,69,'Nila',NULL,NULL,NULL,NULL,'1-332-332-2333',NULL,NULL,NULL,NULL,'',''),(33,71,'mazuri Japaneese cuisine',NULL,NULL,NULL,NULL,'1-233-233-2333',NULL,NULL,NULL,NULL,'',''),(34,72,'Sushi','     ','     ','Princeton','231 clarksville road','1-233-233-2333','1430148228.jpg','www.sushi.com',NULL,'2015-04-27 11:23:48','',''),(35,73,'Sushi','     ','     ','Princeton','231 clarksville road','1-233-233-2333','1430148368.jpg','www.sushi.com',NULL,'2015-04-27 11:26:08','',''),(36,74,'Sushi','     ','     ','Princeton','231 clarksville road','1-233-233-2333',NULL,'www.sushi.com',NULL,'2015-04-27 11:32:19','',''),(37,77,'Sushi','     ','     ','Princeton','231 clarksville road','1-233-233-2333','1430152321.jpg','www.sushi.com',NULL,'2015-04-27 12:32:01','',''),(38,80,'new',NULL,NULL,NULL,NULL,'3423423434',NULL,NULL,NULL,NULL,'',''),(39,97,'Pearl',NULL,NULL,NULL,NULL,'12332332333',NULL,NULL,NULL,NULL,'',''),(40,114,'Marrios','Nice place to take rest and dream and more','Overseas Chinese Friendship Hotel is located in Tianhe district,the new city center of Guangzhou. With easy access to main throughfares,it is 5 minutes drive from Guangzhou East Station,30 minutes from the new Baiyun International Airport,and 15 minutes from pazhou Exhibition Center and subway stations are with walking distance','Princeton','231 Clarksville road \nPrinceton Junction \nNewJersey','12333452345','1431428673.jpg','www.marrios.com','feedback@marrios.com',NULL,'',''),(41,202,'Eyelash',NULL,NULL,NULL,NULL,'34234',NULL,NULL,NULL,NULL,'',''),(42,203,'0',NULL,NULL,NULL,NULL,'0',NULL,NULL,NULL,NULL,'',''),(43,204,'0',NULL,NULL,NULL,NULL,'0',NULL,NULL,NULL,NULL,'',''),(44,205,'0',NULL,NULL,NULL,NULL,'0',NULL,NULL,NULL,NULL,'',''),(45,206,'0',NULL,NULL,NULL,NULL,'0',NULL,NULL,NULL,NULL,'',''),(46,207,'0',NULL,NULL,NULL,NULL,'0',NULL,NULL,NULL,NULL,'',''),(47,208,'0',NULL,NULL,NULL,NULL,'0',NULL,NULL,NULL,NULL,'',''),(48,209,'sun-shine',NULL,NULL,NULL,NULL,'324234234',NULL,NULL,NULL,NULL,'',''),(49,210,'Orchid',NULL,NULL,NULL,NULL,'1-233-233-2333',NULL,NULL,NULL,NULL,'',''),(50,211,'Facial List',NULL,NULL,NULL,NULL,'(111) 222-2222',NULL,NULL,NULL,NULL,'',''),(51,212,'Nail List',NULL,NULL,NULL,NULL,'4534545',NULL,NULL,NULL,NULL,'',''),(52,218,'Star','Test hotel','Test hotel','Princeton','231 Clarksville road\nPrinceton Junction\nNewJersey','12332332333','1434639103.jpg','www.star.com','starhotel@mail.com',NULL,'',''),(53,225,'Newage',NULL,NULL,NULL,NULL,'12332339992',NULL,NULL,NULL,NULL,'',''),(54,233,'aakash hotel','     ','     ','kochi','kochi','324234234234',NULL,'www.aakashhotel.com',NULL,'2015-06-25 10:12:06','',''),(55,234,'aakashgupta-hotel',NULL,NULL,NULL,NULL,'4234234234',NULL,NULL,NULL,NULL,'',''),(56,235,'werwr',NULL,NULL,NULL,NULL,'34234243234',NULL,NULL,NULL,NULL,'',''),(57,236,'shaun','     ','     ','NJ','231 Clarksville road','12342332333',NULL,'www.hotel.com',NULL,'2015-06-25 16:13:16','',''),(58,241,'Nairobi','','','Nairobi','asas','1-233-233-2333','','www,gmail.com','asas@mail.com',NULL,'00100','Europe/Helsinki'),(59,242,'Adelaide','','','Adelaide','3 Principe Amedeo Street,\nTermini Central Station,\nRome, \nItaly ','1-233-233-2333','','www.adelaide.com','adelaide@mail.com',NULL,'00185 ','Europe/Vilnius'),(60,262,'Holiday inn',NULL,NULL,NULL,NULL,'1-233-233-2333',NULL,NULL,NULL,NULL,'682024','Asia/Calcutta'),(61,265,'gal',NULL,NULL,NULL,NULL,'00178364u',NULL,NULL,NULL,NULL,'20100','Europe/Kiev'),(62,267,'gardenfresh','','','Princeton','231 Clarksville road \nPrinceton\nNewJersey','1-233-233-2333','','www.garden.com','garden@mail.com',NULL,'08550','America/New_York'),(63,268,'mahesh Hotel - restaurant',NULL,NULL,NULL,NULL,'324234234234',NULL,NULL,NULL,NULL,'686103','Asia/Calcutta'),(64,271,'arena','','','Princeton','231 Clarksville road\nPrinceton Junction\nNewJersey','1-233-233-2333','','www.arena.com','paul@mail.com',NULL,'08550','America/New_York'),(65,272,'horizon','','','Princeton','231 Clarksville road\nPrinceton Junction\nNewjersey','1-233-233-2333','','www.horizon.com','don@mail.com',NULL,'08550','America/New_York'),(66,273,'ffsadga','','','Princeton','231 cLARKSVILLE ROAD\nPRINCETON JUNCTION\nNEWJERSEY','1212121212','','www.horizon.com','hhh@mail.com',NULL,'08550','America/New_York'),(67,278,'zCTiNzvbcQPaq',NULL,NULL,NULL,NULL,'',NULL,NULL,NULL,NULL,'41420','Europe/Istanbul'),(68,284,'test',NULL,NULL,NULL,NULL,'021111189',NULL,NULL,NULL,NULL,'20100','Europe/Kiev'),(69,283,'Test','','','Lugano','kipo str lugano','021111189','','www.inhotel-app.com','galena70@gmail.com',NULL,'20100','Europe/Kiev'),(70,285,'sUjWUEbMvgRqA',NULL,NULL,NULL,NULL,'',NULL,NULL,NULL,NULL,'96731','Pacific/Honolulu'),(71,286,'XmCbAwOlZisrKBVeb',NULL,NULL,NULL,NULL,'',NULL,NULL,NULL,NULL,'27538','Asia/Riyadh'),(72,287,'QEEuSIXJJKyE',NULL,NULL,NULL,NULL,'',NULL,NULL,NULL,NULL,'18912','America/New_York'),(73,289,'san sebastian playa ',NULL,NULL,NULL,NULL,'697612975',NULL,NULL,NULL,NULL,'08860','Europe/Madrid'),(74,294,'pinko',NULL,NULL,NULL,NULL,'11112222',NULL,NULL,NULL,NULL,'20100','Europe/Kiev'),(75,296,'Ramada and Days Hotels Singapore At Zhongshan Park','','','Singapore','18 Ah Hood Road, #03-51','98504084','','www.ramada-dayshotelssingapore.com','info@ramada-dayshotelssingapore.com',NULL,'329983','Europe/Rome'),(76,299,'gale','','ksd','milano','gdshgf','123','','www.inhotel-app.com','info@inhotel-app.com',NULL,'120','Europe/Belgrade'),(77,300,'Hotel Topaz',NULL,NULL,NULL,NULL,'0773784358',NULL,NULL,NULL,NULL,'20000','America/Chicago'),(78,301,'layas',NULL,NULL,NULL,NULL,'121231231',NULL,NULL,NULL,NULL,'682024','Asia/Calcutta'),(79,302,'Arunz',NULL,NULL,NULL,NULL,'8129114075',NULL,NULL,NULL,NULL,'08554','America/New_York'),(80,310,'Padma Resort Legian, Bali','One of leading reputable 5 stars hotel in Bali sitting on 7 acres land by the beach.\nWith 432 rooms, 6 outlets and 5 swimming pools around the Resort;  Top 3 hotels in Tripadvisor in Legian.\n','A five-star art sanctuary, Padma Resort Bali is a serene paradise under the renowned Legian sunset. Just steps away from the nearby traditional art and fashion market,the resort is a sanctuary at one with nature.','Bali','Jl. Padma No. 1 Legian\nPO BOX 1107\nBali 80361\nIndonesia',' 62 361 752111','1458096047.jpg','www.padmaresortlegian.com','eti.rusmiati@padmahotels.com',NULL,'80361','Europe/Kiev');
/*!40000 ALTER TABLE `hotel_profile` ENABLE KEYS */;
UNLOCK TABLES;

--
-- Table structure for table `hotel_zone_list`
--

DROP TABLE IF EXISTS `hotel_zone_list`;
/*!40101 SET @saved_cs_client     = @@character_set_client */;
/*!40101 SET character_set_client = utf8 */;
CREATE TABLE `hotel_zone_list` (
  `id` int(11) NOT NULL AUTO_INCREMENT,
  `zone_name` varchar(100) DEFAULT NULL,
  `active` enum('Y','N') DEFAULT 'Y',
  PRIMARY KEY (`id`),
  KEY `zone_name` (`zone_name`),
  KEY `active` (`active`)
) ENGINE=InnoDB AUTO_INCREMENT=6 DEFAULT CHARSET=latin1;
/*!40101 SET character_set_client = @saved_cs_client */;

--
-- Dumping data for table `hotel_zone_list`
--

LOCK TABLES `hotel_zone_list` WRITE;
/*!40000 ALTER TABLE `hotel_zone_list` DISABLE KEYS */;
INSERT INTO `hotel_zone_list` VALUES (1,'Restaurant','Y'),(2,'Room','Y'),(3,'Bar','Y'),(4,'Spa ','Y'),(5,'Swimming Pool','N');
/*!40000 ALTER TABLE `hotel_zone_list` ENABLE KEYS */;
UNLOCK TABLES;

--
-- Table structure for table `in_admin_user`
--

DROP TABLE IF EXISTS `in_admin_user`;
/*!40101 SET @saved_cs_client     = @@character_set_client */;
/*!40101 SET character_set_client = utf8 */;
CREATE TABLE `in_admin_user` (
  `id` int(10) NOT NULL AUTO_INCREMENT,
  `username` varchar(100) COLLATE utf8_unicode_ci NOT NULL,
  `password` varchar(100) COLLATE utf8_unicode_ci NOT NULL,
  `email` varchar(100) COLLATE utf8_unicode_ci NOT NULL,
  `radius` float NOT NULL,
  `sandbox` enum('Y','N') COLLATE utf8_unicode_ci NOT NULL DEFAULT 'Y',
  `application_id` varchar(200) COLLATE utf8_unicode_ci NOT NULL,
  `developer_account_email` varchar(200) COLLATE utf8_unicode_ci NOT NULL,
  `api_username` varchar(200) COLLATE utf8_unicode_ci NOT NULL,
  `api_password` varchar(200) COLLATE utf8_unicode_ci NOT NULL,
  `api_signature` varchar(200) COLLATE utf8_unicode_ci NOT NULL,
  `name` varchar(255) COLLATE utf8_unicode_ci DEFAULT NULL,
  PRIMARY KEY (`id`),
  KEY `username` (`username`),
  KEY `password` (`password`)
) ENGINE=InnoDB AUTO_INCREMENT=2 DEFAULT CHARSET=utf8 COLLATE=utf8_unicode_ci;
/*!40101 SET character_set_client = @saved_cs_client */;

--
-- Dumping data for table `in_admin_user`
--

LOCK TABLES `in_admin_user` WRITE;
/*!40000 ALTER TABLE `in_admin_user` DISABLE KEYS */;
INSERT INTO `in_admin_user` VALUES (1,'admin','admin','g.ivanova@inhotel-app.com',0,'Y','','','','','','Admin');
/*!40000 ALTER TABLE `in_admin_user` ENABLE KEYS */;
UNLOCK TABLES;

--
-- Table structure for table `in_email_config`
--

DROP TABLE IF EXISTS `in_email_config`;
/*!40101 SET @saved_cs_client     = @@character_set_client */;
/*!40101 SET character_set_client = utf8 */;
CREATE TABLE `in_email_config` (
  `email_id` int(11) NOT NULL AUTO_INCREMENT,
  `name` varchar(60) NOT NULL,
  `email_title` varchar(100) NOT NULL,
  `email_template` text NOT NULL,
  `email_subject` varchar(255) NOT NULL,
  `status` char(1) NOT NULL DEFAULT 'Y',
  PRIMARY KEY (`email_id`),
  KEY `name` (`name`)
) ENGINE=MyISAM AUTO_INCREMENT=66 DEFAULT CHARSET=latin1;
/*!40101 SET character_set_client = @saved_cs_client */;

--
-- Dumping data for table `in_email_config`
--

LOCK TABLES `in_email_config` WRITE;
/*!40000 ALTER TABLE `in_email_config` DISABLE KEYS */;
INSERT INTO `in_email_config` VALUES (1,'forgot_password','Forgot Password - Admin','<table style=\"border: 1px solid #6d92a0; border-radius: 3px 3px 3px 3px; width: 700px;\" cellspacing=\"0\" cellpadding=\"0\" bgcolor=\"#6D92A0\">\n<tbody>\n<tr>\n<td style=\"padding: 10px; font: normal 14px Arial, Helvetica, sans-serif; color: #0063df;\" colspan=\"2\">\n<p style=\"font-size: 18px; text-align: center;\"><a style=\"text-decoration: none;\" href=\"#URL#\"><img src=\"../../../public/images/logo.png\" alt=\"\" width=\"286\" height=\"130\" /><img style=\"background-color: green; outline: medium none; padding: 15px;\" src=\"#LOGO#\" alt=\"\" width=\"156\" /></a></p>\n</td>\n</tr>\n<tr>\n<td>\n<table style=\"background: none repeat scroll 0% 0% #f2f2f2; padding: 30px 10px; border-radius: 5px 5px 5px 5px; width: 630px;\" border=\"0\" align=\"center\">\n<tbody>\n<tr>\n<td style=\"padding: 10px 25px; font: normal 14px Arial, Helvetica, sans-serif; color: #333;\">\n<p style=\"font-size: 22px; margin: 0;\">Hi Admin,</p>\n</td>\n</tr>\n<tr>\n<td style=\"padding: 10px 25px; font: normal 14px Arial, Helvetica, sans-serif; color: #333;\">\n<p style=\"font-size: 16px; margin-top: 05px; margin-bottom: 05px;\">Username : #USERNAME#</p>\n<p style=\"font-size: 16px; margin-top: 0px;\">Password : #PASSWORD#</p>\n</td>\n</tr>\n<tr>\n<td style=\"padding: 0px 25px; font: normal 14px Arial, Helvetica, sans-serif; color: #333;\">\n<p style=\"font-size: 14px; margin-top: 0px; margin-bottom: 0px;\"><a style=\"color: #1663cc; text-decoration: none;\" href=\"#URL#admin\">Click here to Login..</a></p>\n</td>\n</tr>\n</tbody>\n</table>\n</td>\n</tr>\n<tr>\n<td>\n<p style=\"color: #fff; font-size: 12px; padding-left: 38px;\">Webmaster<br /> inhotel</p>\n</td>\n</tr>\n<tr>\n<td style=\"color: #212121; font-size: 12px; height: 16px; background: #387489; padding: 10px 25px; font-family: Arial, Helvetica, sans-serif;\">Copyright &copy; 2015 <a style=\"color: #fff; text-decoration: none;\" href=\"#URL#\">inhotel.com</a></td>\n</tr>\n</tbody>\n</table>','Forgot Password - Admin','Y'),(2,'follower_mail','Follower Mail','<table style=\"border: 1px solid #6d92a0; border-radius: 3px 3px 3px 3px; width: 700px;\" cellspacing=\"0\" cellpadding=\"0\" bgcolor=\"#6D92A0\">\r\n<tbody>\r\n<tr>\r\n<td style=\"padding: 5px; font: normal 14px Arial, Helvetica, sans-serif; color: #0063df;\" colspan=\"2\">\r\n<p style=\"font-size: 18px; text-align: center;\"><a style=\"text-decoration: none;\" href=\"#URL#\"><img src=\"#LOGO#\" alt=\"\" width=\"156\" height=\"66\" /></a></p>\r\n</td>\r\n</tr>\r\n<tr>\r\n<td>\r\n<table style=\"background: none repeat scroll 0% 0% #f2f2f2; padding: 30px 10px; border-radius: 5px 5px 5px 5px; width: 630px;\" border=\"0\" align=\"center\">\r\n<tbody>\r\n<tr>\r\n<td style=\"padding: 10px 25px; font: normal 14px Arial, Helvetica, sans-serif; color: #333;\">\r\n<p style=\"font-size: 22px; margin: 0;\" align=\"center\">Hai <a style=\"text-decoration: none;\" href=\"#URL#user/profile/#USERID#\">#USERNAME#</a> ,</p>\r\n</td>\r\n</tr>\r\n<tr>\r\n<td style=\"padding: 10px 25px; font: normal 14px Arial, Helvetica, sans-serif; color: #333;\">\r\n<p style=\"font-size: 22px; margin: 0;\" align=\"center\"><a style=\"text-decoration: none;\" href=\"#URL#user/profile/#FOLLOWERID#\">#FOLLOWERNAME#</a> just followed you on <a style=\"text-decoration: none;\" href=\"#URL#\">DUZZ</a>.</p>\r\n</td>\r\n</tr>\r\n<tr>\r\n<td style=\"padding: 10px 25px; font: normal 14px Arial, Helvetica, sans-serif; color: #333;\" align=\"center\"><a style=\"text-decoration: none;\" href=\"#URL#user/profile/#FOLLOWERID#\"><img style=\"border-radius: 50%;\" src=\"#FOLLOWER_IMAGE#\" alt=\"\" width=\"100\" height=\"100\" /></a></td>\r\n</tr>\r\n</tbody>\r\n</table>\r\n</td>\r\n</tr>\r\n<tr>\r\n<td>\r\n<p style=\"color: #fff; font-size: 12px; padding-left: 38px;\">Webmaster<br /> duzz</p>\r\n</td>\r\n</tr>\r\n<tr>\r\n<td style=\"color: #212121; font-size: 12px; height: 16px; background: #387489; padding: 10px 25px; font-family: Arial, Helvetica, sans-serif;\">Copyright &copy; 2014 <a style=\"text-decoration: none;\" href=\"#URL#\">duzz.com</a></td>\r\n</tr>\r\n</tbody>\r\n</table>','Follower Mail','N'),(3,'review_comment','Review Comment','<table style=\"border: 1px solid #6d92a0; border-radius: 3px 3px 3px 3px; width: 700px;\" cellspacing=\"0\" cellpadding=\"0\" bgcolor=\"#6D92A0\">\r\n<tbody>\r\n<tr>\r\n<td style=\"padding: 20px; font: normal 14px Arial, Helvetica, sans-serif; color: #0063df;\" colspan=\"2\">\r\n<p style=\"font-size: 18px; text-align: center;\"><a style=\"text-decoration: none;\" href=\"#URL#\"><img src=\"#LOGO#\" alt=\"\" width=\"156\" height=\"66\" /></a></p>\r\n</td>\r\n</tr>\r\n<tr>\r\n<td>\r\n<table style=\"background: none repeat scroll 0% 0% #f2f2f2; padding: 30px 10px; border-radius: 5px 5px 5px 5px; width: 630px;\" border=\"0\" align=\"center\">\r\n<tbody>\r\n<tr>\r\n<td style=\"padding: 10px 25px; font: normal 14px Arial, Helvetica, sans-serif; color: #333;\">\r\n<p style=\"font-size: 22px; margin: 0;\" align=\"center\">Hai <a style=\"text-decoration: none;\" href=\"#URL#user/profile/#MYUSERID#\">#USERNAME#</a>,</p>\r\n</td>\r\n</tr>\r\n<tr>\r\n<td style=\"padding: 10px 25px; font: normal 14px Arial, Helvetica, sans-serif; color: #333;\">\r\n<p style=\"font-size: 22px; margin: 0;\" align=\"center\"><a style=\"text-decoration: none;\" href=\"#URL#user/profile/#USERID#\">#NAME#</a> commented your review of <a style=\"text-decoration: none;\" href=\"#URL#restaurant/details/#RESTID#\">#RESTNAME#</a> on <a style=\"text-decoration: none;\" href=\"#URL#\">DUZZ</a>.</p>\r\n</td>\r\n</tr>\r\n<tr>\r\n<td style=\"padding: 10px 25px; font: normal 14px Arial, Helvetica, sans-serif; color: #333;\" align=\"center\"><a style=\"text-decoration: none;\" href=\"#URL#user/profile/#USERID#\"><img style=\"border-radius: 50%;\" src=\"#IMAGE#\" alt=\"\" width=\"100\" height=\"100\" /></a></td>\r\n</tr>\r\n</tbody>\r\n</table>\r\n</td>\r\n</tr>\r\n<tr>\r\n<td>\r\n<p style=\"color: #fff; font-size: 12px; padding-left: 38px;\">Webmaster<br /> duzz</p>\r\n</td>\r\n</tr>\r\n<tr>\r\n<td style=\"color: #212121; font-size: 12px; height: 16px; background: #387489; padding: 10px 25px; font-family: Arial, Helvetica, sans-serif;\">Copyright &copy; 2014 <a style=\"text-decoration: none;\" href=\"#URL#\">duzz.com</a></td>\r\n</tr>\r\n</tbody>\r\n</table>','Review Comment','N'),(4,'review_like','Review Like','<table style=\"border: 1px solid #6d92a0; border-radius: 3px 3px 3px 3px; width: 700px;\" cellspacing=\"0\" cellpadding=\"0\" bgcolor=\"#6D92A0\">\r\n<tbody>\r\n<tr>\r\n<td style=\"padding: 20px; font: normal 14px Arial, Helvetica, sans-serif; color: #0063df;\" colspan=\"2\">\r\n<p style=\"font-size: 18px; text-align: center;\"><a style=\"text-decoration: none;\" href=\"#URL#\"><img src=\"#LOGO#\" alt=\"\" width=\"156\" height=\"66\" /></a></p>\r\n</td>\r\n</tr>\r\n<tr>\r\n<td>\r\n<table style=\"background: none repeat scroll 0% 0% #f2f2f2; padding: 30px 10px; border-radius: 5px 5px 5px 5px; width: 630px;\" border=\"0\" align=\"center\">\r\n<tbody>\r\n<tr>\r\n<td style=\"padding: 10px 25px; font: normal 14px Arial, Helvetica, sans-serif; color: #333;\">\r\n<p style=\"font-size: 22px; margin: 0;\" align=\"center\">Hai <a style=\"text-decoration: none;\" href=\"#URL#user/profile/#MYUSERID#\">#USERNAME#</a>,</p>\r\n</td>\r\n</tr>\r\n<tr>\r\n<td style=\"padding: 10px 25px; font: normal 14px Arial, Helvetica, sans-serif; color: #333;\">\r\n<p style=\"font-size: 22px; margin: 0;\" align=\"center\"><a style=\"text-decoration: none;\" href=\"#URL#user/profile/#USERID#\">#NAME#</a> liked your review of <a style=\"text-decoration: none;\" href=\"#URL#restaurant/details/#RESTID#\">#RESTNAME#</a> on <a style=\"text-decoration: none;\" href=\"#URL#\">DUZZ</a>.</p>\r\n</td>\r\n</tr>\r\n<tr>\r\n<td style=\"padding: 10px 25px; font: normal 14px Arial, Helvetica, sans-serif; color: #333;\" align=\"center\"><a style=\"text-decoration: none;\" href=\"#URL#user/profile/#USERID#\"><img style=\"border-radius: 50%;\" src=\"#IMAGE#\" alt=\"\" width=\"100\" height=\"100\" /></a></td>\r\n</tr>\r\n</tbody>\r\n</table>\r\n</td>\r\n</tr>\r\n<tr>\r\n<td>\r\n<p style=\"color: #fff; font-size: 12px; padding-left: 38px;\">Webmaster<br /> duzz</p>\r\n</td>\r\n</tr>\r\n<tr>\r\n<td style=\"color: #212121; font-size: 12px; height: 16px; background: #387489; padding: 10px 25px; font-family: Arial, Helvetica, sans-serif;\">Copyright &copy; 2014 <a style=\"text-decoration: none;\" href=\"#URL#\">duzz.com</a></td>\r\n</tr>\r\n</tbody>\r\n</table>','Review Like','N'),(5,'user_forgot_password','Forgot Password - User','<table style=\"border: 1px solid #6d92a0; border-radius: 3px 3px 3px 3px; width: 700px;\" cellspacing=\"0\" cellpadding=\"0\" bgcolor=\"#6D92A0\">\n<tbody>\n<tr>\n<td style=\"padding: 20px; font: normal 14px Arial, Helvetica, sans-serif; color: #0063df;\" colspan=\"2\">\n<p style=\"font-size: 18px; text-align: center;\"><a style=\"text-decoration: none;\" href=\"#URL#\"><img src=\"#LOGO#\" alt=\"\" width=\"156\" height=\"66\" /></a></p>\n</td>\n</tr>\n<tr>\n<td>\n<table style=\"background: none repeat scroll 0% 0% #f2f2f2; padding: 30px 10px; border-radius: 5px 5px 5px 5px; width: 630px;\" border=\"0\" align=\"center\">\n<tbody>\n<tr>\n<td style=\"padding: 10px 25px; font: normal 14px Arial, Helvetica, sans-serif; color: #333;\">\n<p style=\"font-size: 22px; margin: 0;\">Hi #USERNAME#,</p>\n</td>\n</tr>\n<tr>\n<td style=\"padding: 10px 25px; font: normal 14px Arial, Helvetica, sans-serif; color: #333;\">\n<p style=\"font-size: 16px; margin-top: 05px; margin-bottom: 05px;\">Username : #USERNAME#</p>\n<p style=\"font-size: 16px; margin-top: 0px;\">Password : #PASSWORD#</p>\n</td>\n</tr>\n<tr>\n<td style=\"padding: 0px 25px; font: normal 14px Arial, Helvetica, sans-serif; color: #333;\">\n<p style=\"font-size: 14px; margin-top: 0px; margin-bottom: 0px;\"><a style=\"color: #1663cc; text-decoration: none;\" href=\"#URL#\">Click here to Login..</a></p>\n</td>\n</tr>\n</tbody>\n</table>\n</td>\n</tr>\n<tr>\n<td>\n<p style=\"color: #fff; font-size: 12px; padding-left: 38px;\">Webmaster<br /> duzz</p>\n</td>\n</tr>\n<tr>\n<td style=\"color: #212121; font-size: 12px; height: 16px; background: #387489; padding: 10px 25px; font-family: Arial, Helvetica, sans-serif;\">Copyright &copy; 2014 <a style=\"color: #fff; text-decoration: none;\" href=\"#URL#\">duzz.com</a></td>\n</tr>\n</tbody>\n</table>','Forgot Password - User','N'),(6,'registration','Registration','<table style=\"border: 1px solid #6d92a0; border-radius: 3px 3px 3px 3px; width: 700px;\" cellspacing=\"0\" cellpadding=\"0\" bgcolor=\"#6D92A0\">\n<tbody>\n<tr>\n<td style=\"padding: 10px; font: normal 14px Arial, Helvetica, sans-serif; color: #0063df;\" colspan=\"2\">\n<p style=\"font-size: 18px; text-align: center;\"><img src=\"../../../public/images/logo.png\" alt=\"\" width=\"286\" height=\"130\" />&nbsp;</p>\n</td>\n</tr>\n<tr>\n<td>\n<table style=\"background: none repeat scroll 0% 0% #f2f2f2; padding: 30px 10px; border-radius: 5px 5px 5px 5px; width: 630px;\" border=\"0\" align=\"center\">\n<tbody>\n<tr>\n<td style=\"padding: 10px 25px; font: normal 14px Arial, Helvetica, sans-serif; color: #333;\">\n<p style=\"font-size: 22px; margin: 0;\">Hi #E_NAME#,</p>\n</td>\n</tr>\n<tr>\n<td style=\"padding: 10px 25px; font: normal 14px Arial, Helvetica, sans-serif; color: #333;\">\n<p style=\"font-size: 16px; margin-top: 05px; margin-bottom: 05px;\">You have been successfully registered with InHotel.&nbsp;</p>\n<p style=\"font-size: 16px; margin-top: 0px;\">Your account details are :</p>\n<p style=\"font-size: 16px; margin-top: 0px; margin-bottom: 05px;\">Username : #USERNAME#</p>\n<p style=\"font-size: 16px; margin-top: 0px;\">Password : #PASSWORD#</p>\n<p style=\"font-size: 16px; margin-top: 0px;\">Thank you for registering with us.</p>\n</td>\n</tr>\n<tr>\n<td style=\"padding: 0px 25px; font: normal 14px Arial, Helvetica, sans-serif; color: #333;\"><!--<p style=\"font-size: 14px; margin-top: 0px; margin-bottom: 0px;\"><a style=\"color: #1663cc; text-decoration: none;\" href=\"#URL#admin\">Click here to Login..</a></p>--></td>\n</tr>\n</tbody>\n</table>\n</td>\n</tr>\n<tr>\n<td>\n<p style=\"color: #fff; font-size: 12px; padding-left: 38px;\">Webmaster<br /> inhotel</p>\n</td>\n</tr>\n<tr>\n<td style=\"color: #212121; font-size: 12px; height: 16px; background: #387489; padding: 10px 25px; font-family: Arial, Helvetica, sans-serif;\">Copyright &copy; 2015 inhotel<a style=\"color: #fff; text-decoration: none;\" href=\"#URL#\">.com</a></td>\n</tr>\n</tbody>\n</table>','Registration','Y'),(64,'New Password','New Password','<table style=\"border: 1px solid #6d92a0; border-radius: 3px 3px 3px 3px; width: 700px;\" cellspacing=\"0\" cellpadding=\"0\" bgcolor=\"#6D92A0\">\r\n<tbody>\r\n<tr>\r\n<td style=\"padding: 10px; font: normal 14px Arial, Helvetica, sans-serif; color: #0063df;\" colspan=\"2\">\r\n<p style=\"font-size: 18px; text-align: center;\"><a style=\"text-decoration: none;\" href=\"#URL#\"><img style=\"background-color: green; outline: medium none; padding: 15px;\" src=\"#LOGO#\" alt=\"\" width=\"156\" /></a></p>\r\n</td>\r\n</tr>\r\n<tr>\r\n<td>\r\n<table style=\"background: none repeat scroll 0% 0% #f2f2f2; padding: 30px 10px; border-radius: 5px 5px 5px 5px; width: 630px;\" border=\"0\" align=\"center\">\r\n<tbody>\r\n<tr>\r\n<td style=\"padding: 10px 25px; font: normal 14px Arial, Helvetica, sans-serif; color: #333;\">\r\n<p style=\"font-size: 22px; margin: 0;\">Hi #USERNAME#,</p>\r\n</td>\r\n</tr>\r\n<tr>\r\n<td style=\"padding: 10px 25px; font: normal 14px Arial, Helvetica, sans-serif; color: #333;\">\r\n<p style=\"font-size: 16px; margin-top: 05px; margin-bottom: 05px;\">New Password : #PASSWORD#</p>\r\n<p style=\"font-size: 16px; margin-top: 0px;\">&nbsp;</p>\r\n</td>\r\n</tr>\r\n</tbody>\r\n</table>\r\n</td>\r\n</tr>\r\n<tr>\r\n<td>\r\n<p style=\"color: #fff; font-size: 12px; padding-left: 38px;\">rotolegends</p>\r\n</td>\r\n</tr>\r\n<tr>\r\n<td style=\"color: #212121; font-size: 12px; height: 16px; background: #387489; padding: 10px 25px; font-family: Arial, Helvetica, sans-serif;\">Copyright &copy; 2015 <a style=\"color: #fff; text-decoration: none;\" href=\"#URL#\">rotolegends.com</a></td>\r\n</tr>\r\n</tbody>\r\n</table>','New Password','N'),(65,'test','test','<p>&nbsp;</p>\r\n<p>&nbsp;</p>\r\n<table style=\"width: 650px;\" border=\"0\" cellspacing=\"0\" cellpadding=\"0\" bgcolor=\"#FFFFFF\">\r\n<tbody>\r\n<tr>\r\n<td style=\"padding: 15px;\" bgcolor=\"#FFFFF\"><img src=\"../../../../sinflip/images/logo1.png\" alt=\"logo\" /></td>\r\n</tr>\r\n<tr>\r\n<td><br /> <br />\r\n<table style=\"margin: 15px; width: 650px;\" border=\"0\" cellspacing=\"0\" cellpadding=\"\">\r\n<tbody>\r\n<tr>\r\n<td style=\"padding: 15px 0px; font-size: 14px;\"><strong>Weekly Mail content<br /></strong></td>\r\n</tr>\r\n</tbody>\r\n</table>\r\n</td>\r\n</tr>\r\n</tbody>\r\n</table>\r\n<p>&nbsp;</p>','test','N');
/*!40000 ALTER TABLE `in_email_config` ENABLE KEYS */;
UNLOCK TABLES;

--
-- Table structure for table `in_member_master`
--

DROP TABLE IF EXISTS `in_member_master`;
/*!40101 SET @saved_cs_client     = @@character_set_client */;
/*!40101 SET character_set_client = utf8 */;
CREATE TABLE `in_member_master` (
  `user_id` bigint(10) NOT NULL AUTO_INCREMENT,
  `password` varchar(200) COLLATE utf8_unicode_ci NOT NULL,
  `email_address` varchar(200) COLLATE utf8_unicode_ci NOT NULL,
  `active` enum('Y','N') COLLATE utf8_unicode_ci NOT NULL DEFAULT 'Y',
  `deleted` enum('Y','N') COLLATE utf8_unicode_ci NOT NULL DEFAULT 'N',
  `join_date` datetime NOT NULL,
  `last_name` varchar(100) COLLATE utf8_unicode_ci NOT NULL,
  `gender` enum('M','F') COLLATE utf8_unicode_ci NOT NULL,
  `dob` date NOT NULL,
  `first_name` varchar(100) COLLATE utf8_unicode_ci NOT NULL,
  `nick_name` varchar(100) COLLATE utf8_unicode_ci DEFAULT NULL,
  `phone` varchar(100) COLLATE utf8_unicode_ci DEFAULT NULL,
  `member_type` int(10) NOT NULL,
  `hotel_id` int(10) DEFAULT '0',
  `last_login` datetime DEFAULT NULL,
  `device_token` varchar(250) COLLATE utf8_unicode_ci DEFAULT NULL,
  `image` varchar(100) COLLATE utf8_unicode_ci DEFAULT '',
  `status` varchar(250) COLLATE utf8_unicode_ci DEFAULT NULL,
  `profile_description` text COLLATE utf8_unicode_ci,
  `chat_status` enum('Y','N') COLLATE utf8_unicode_ci DEFAULT 'N' COMMENT 'online/offline',
  `enter_to_send` tinyint(1) DEFAULT '0' COMMENT 'press enter to send message',
  `package_id` int(11) DEFAULT '0',
  `amount_paid` enum('N','Y') COLLATE utf8_unicode_ci DEFAULT 'Y',
  `transaction_id` varchar(256) COLLATE utf8_unicode_ci DEFAULT NULL,
  `status_modified` datetime DEFAULT NULL,
  `activation_id` int(11) DEFAULT NULL,
  `quickblox_id` varchar(200) COLLATE utf8_unicode_ci DEFAULT NULL,
  `iphone_noti_count` int(11) DEFAULT '0',
  `room_enable` enum('N','Y') COLLATE utf8_unicode_ci DEFAULT 'N',
  `gcm_id` varchar(250) COLLATE utf8_unicode_ci DEFAULT NULL,
  `subscription_status` enum('N','Y') COLLATE utf8_unicode_ci DEFAULT 'N',
  `check_login` enum('N','Y') COLLATE utf8_unicode_ci DEFAULT 'N',
  PRIMARY KEY (`user_id`)
) ENGINE=InnoDB AUTO_INCREMENT=312 DEFAULT CHARSET=utf8 COLLATE=utf8_unicode_ci;
/*!40101 SET character_set_client = @saved_cs_client */;

--
-- Dumping data for table `in_member_master`
--

LOCK TABLES `in_member_master` WRITE;
/*!40000 ALTER TABLE `in_member_master` DISABLE KEYS */;
INSERT INTO `in_member_master` VALUES (1,'e10adc3949ba59abbe56e057f20f883e','hotel1@inhotel.com','Y','N','2015-06-17 00:00:00','aswathy','F','2015-04-02','aswathy','aswathy',NULL,2,0,NULL,NULL,'',NULL,NULL,'N',0,1,'Y','2588694',NULL,NULL,'',0,'Y',NULL,'Y','Y'),(2,'e10adc3949ba59abbe56e057f20f883e','staff1@hotel1.com','Y','N','2015-04-02 08:59:35','P K','F','1991-09-19','haripriya','harry',NULL,3,1,NULL,NULL,'',NULL,NULL,'N',0,0,'Y',NULL,NULL,NULL,'3597880',8,'Y',NULL,'N','N'),(3,'e10adc3949ba59abbe56e057f20f883e','staff2@hotel1.com','Y','N','2015-04-02 09:00:31','R','F','1988-06-05','reshma','resh',NULL,3,1,NULL,NULL,'',NULL,NULL,'N',0,0,'Y',NULL,NULL,NULL,'',0,'Y',NULL,'N','N'),(4,'e10adc3949ba59abbe56e057f20f883e','guest1@hotel.com','Y','N','2015-04-08 23:01:08','','F','1988-06-05','Anu','Jose',NULL,1,0,'2015-08-13 17:51:06','',NULL,'','Description','Y',1,0,'Y',NULL,'2015-06-12 07:31:15',21,'3913313',12,'Y',NULL,'N','N'),(5,'e10adc3949ba59abbe56e057f20f883e','guest2@hotel.com','Y','N','2015-04-02 09:07:53','','M','1991-01-01','ajay','ajay',NULL,1,0,'2015-08-10 14:40:05','','','','Description','Y',1,0,'Y',NULL,'2015-06-09 10:50:07',22,'3913315',13,'Y','','N','N'),(6,'e10adc3949ba59abbe56e057f20f883e','staff3@hotel1.com','Y','N','2015-04-02 12:34:39','k','M','2015-04-02','umesh','umesh',NULL,3,1,NULL,NULL,'',NULL,NULL,'N',0,0,'Y',NULL,NULL,NULL,'3484369',0,'Y',NULL,'N','N'),(7,'e10adc3949ba59abbe56e057f20f883e','staff4@hotel1.com','Y','N','2015-04-02 12:35:49','v','M','2015-04-02','vivek','vicky',NULL,3,1,NULL,NULL,'',NULL,NULL,'N',0,0,'Y',NULL,NULL,NULL,'3484386',0,'Y',NULL,'N','N'),(8,'e10adc3949ba59abbe56e057f20f883e','staff5@hotel1.com','Y','N','2015-04-02 12:36:55','twinkle','F','2015-04-02','twinkle','twinkle',NULL,3,1,NULL,NULL,'',NULL,NULL,'N',0,0,'Y',NULL,NULL,NULL,'',0,'Y',NULL,'N','N'),(9,'e10adc3949ba59abbe56e057f20f883e','anton@newagesmb.com','Y','Y','2015-04-09 04:28:02','Joseph','M','1990-12-01','anton','',NULL,1,0,NULL,NULL,'',NULL,NULL,'N',0,0,'Y',NULL,NULL,NULL,'',0,'Y',NULL,'N','N'),(10,'e10adc3949ba59abbe56e057f20f883e','biju@newagesmb.com','Y','N','2015-04-09 16:32:46','george','M','1990-04-01','biju','biju',NULL,3,1,NULL,NULL,'',NULL,NULL,'N',0,0,'Y',NULL,NULL,NULL,'',0,'Y',NULL,'N','N'),(11,'d41d8cd98f00b204e9800998ecf8427e','beachorchid@mail.com','Y','N','2015-06-17 00:00:00','orchid','M','0000-00-00','Beach','beach orchid',NULL,2,0,NULL,NULL,'',NULL,NULL,'N',0,1,'Y',NULL,NULL,NULL,'',0,'Y',NULL,'N','Y'),(12,'e10adc3949ba59abbe56e057f20f883e','john@newagesmb.com','Y','N','2015-04-09 05:25:33','joseph','M','2000-04-02','john','john',NULL,1,0,NULL,NULL,'',NULL,NULL,'N',0,0,'Y',NULL,NULL,NULL,'',0,'Y',NULL,'N','N'),(13,'601910eac41b7cc21e472cb13deede06','jibin@newagesmb.com','Y','N','2015-04-09 17:28:34','joy','M','2010-04-01','Jibin','jibin',NULL,3,2,NULL,NULL,'',NULL,NULL,'N',0,0,'Y',NULL,NULL,NULL,'',0,'Y',NULL,'N','N'),(14,'e10adc3949ba59abbe56e057f20f883e','mahesh@newagesmb.com','Y','N','2015-04-09 17:31:42','mohan','M','2008-01-01','mahesh','mahesh',NULL,3,2,NULL,NULL,'',NULL,NULL,'N',0,0,'Y',NULL,NULL,NULL,'3484069',0,'Y',NULL,'N','N'),(15,'24ec58af6b967430cf20914cc7547c41','testanu@newagesmb.com','Y','N','2015-04-10 08:51:18','testanu','F','2015-04-10','testanu','testanu',NULL,3,1,NULL,NULL,'',NULL,NULL,'N',0,0,'Y',NULL,NULL,NULL,'',0,'Y',NULL,'N','N'),(19,'ec2da3ad44ecbd2e3909224ec40ce3a3','akhil@newagesmb.com','Y','N','2015-06-17 00:00:00','PD','M','0000-00-00','Akhil','Akhil',NULL,2,0,NULL,NULL,'',NULL,NULL,'N',0,0,'N',NULL,NULL,NULL,'',0,'Y',NULL,'N','Y'),(20,'e10adc3949ba59abbe56e057f20f883e','akhil@newagesmb.com','Y','Y','2015-06-17 00:00:00','PD','M','0000-00-00','Akhil','Akhil',NULL,2,0,NULL,NULL,'',NULL,NULL,'N',0,1,'N',NULL,NULL,NULL,'',0,'Y',NULL,'N','Y'),(21,'e10adc3949ba59abbe56e057f20f883e','dfgd@mail.com','Y','N','2015-06-17 00:00:00','sdsd','M','0000-00-00','sdds','sdsd',NULL,2,0,NULL,NULL,'',NULL,NULL,'N',0,0,'N',NULL,NULL,NULL,'',0,'Y',NULL,'N','Y'),(22,'e10adc3949ba59abbe56e057f20f883e','tesdedtreset1@jfgj.sad','Y','N','2015-06-17 00:00:00','testreset1','M','0000-00-00','testreset1','test',NULL,2,0,NULL,NULL,'',NULL,NULL,'N',0,0,'N',NULL,NULL,NULL,'',0,'Y',NULL,'N','Y'),(30,'e10adc3949ba59abbe56e057f20f883e','hotel1234@inhotel.com','Y','N','2015-06-17 00:00:00','P K','M','0000-00-00','haripriya',NULL,NULL,2,0,NULL,NULL,'',NULL,NULL,'N',0,1,'N',NULL,NULL,NULL,'',0,'Y',NULL,'N','Y'),(31,'e10adc3949ba59abbe56e057f20f883e','hotel1234@inhotel.com','Y','N','2015-06-17 00:00:00','P K','M','0000-00-00','haripriya',NULL,NULL,2,0,NULL,NULL,'',NULL,NULL,'N',0,1,'N',NULL,NULL,NULL,'',0,'Y',NULL,'N','Y'),(32,'e10adc3949ba59abbe56e057f20f883e','hotel1234@inhotel.com','Y','N','2015-06-17 00:00:00','P K','M','0000-00-00','haripriya',NULL,NULL,2,0,NULL,NULL,'',NULL,NULL,'N',0,1,'N',NULL,NULL,NULL,'',0,'Y',NULL,'N','Y'),(33,'e10adc3949ba59abbe56e057f20f883e','hotel45551@inhotel.com','Y','N','2015-06-17 00:00:00','gdfgdf','M','0000-00-00','fgdf',NULL,NULL,2,0,NULL,NULL,'',NULL,NULL,'N',0,1,'N',NULL,NULL,NULL,'',0,'Y',NULL,'N','Y'),(34,'e10adc3949ba59abbe56e057f20f883e','anu@newagesmb.com','Y','N','2015-06-17 00:00:00','jose','M','0000-00-00','anu',NULL,NULL,2,0,NULL,NULL,'',NULL,NULL,'N',0,1,'Y','2388723',NULL,NULL,'',0,'Y',NULL,'N','Y'),(35,'e10adc3949ba59abbe56e057f20f883e','aswathy@newagesmb.com','Y','N','2015-06-17 00:00:00','N','M','0000-00-00','aswathy',NULL,NULL,2,0,NULL,NULL,'',NULL,NULL,'N',0,1,'Y','2388733',NULL,NULL,'',0,'Y',NULL,'N','Y'),(36,'e10adc3949ba59abbe56e057f20f883e','raju@mail.com','Y','N','2015-04-22 16:11:57','Tester','M','2000-01-01','Raju','Raju',NULL,3,2,NULL,NULL,'',NULL,NULL,'N',0,0,'Y',NULL,NULL,NULL,'',0,'Y',NULL,'N','N'),(37,'e10adc3949ba59abbe56e057f20f883e','aju@mail.com','Y','N','2015-04-22 04:28:19','Tester','M','2000-04-01','Aju','Aju',NULL,1,0,NULL,NULL,'',NULL,NULL,'N',0,0,'Y',NULL,NULL,NULL,'',0,'Y',NULL,'N','N'),(38,'d41d8cd98f00b204e9800998ecf8427e','taj@mail.com','Y','N','2015-06-17 00:00:00','Hotels','M','0000-00-00','Taj',NULL,NULL,2,0,NULL,NULL,'',NULL,NULL,'N',0,1,'Y','2391003',NULL,NULL,'',0,'Y',NULL,'N','Y'),(39,'e10adc3949ba59abbe56e057f20f883e','oberon@mail.com','Y','N','2015-06-17 00:00:00','Hotel','M','0000-00-00','oberon',NULL,NULL,2,0,NULL,NULL,'',NULL,NULL,'N',0,1,'Y','2391012',NULL,NULL,'',0,'Y',NULL,'N','Y'),(40,'d41d8cd98f00b204e9800998ecf8427e','newage@mail.com','Y','N','2015-06-17 00:00:00','Test','M','0000-00-00','Newage',NULL,NULL,2,0,NULL,NULL,'',NULL,NULL,'N',0,3,'Y','2391016',NULL,NULL,'',0,'Y',NULL,'N','Y'),(41,'e10adc3949ba59abbe56e057f20f883e','raviz@mail.com','Y','N','2015-06-17 00:00:00','test','M','0000-00-00','Raviz',NULL,NULL,2,0,NULL,NULL,'',NULL,NULL,'N',0,3,'Y','2391017',NULL,NULL,'',0,'Y',NULL,'N','Y'),(42,'d41d8cd98f00b204e9800998ecf8427e','staff1@mail.com','Y','N','2015-04-23 13:00:19','Test','','2015-04-23','staff1','staff1',NULL,3,26,NULL,NULL,'',NULL,NULL,'N',0,0,'Y',NULL,NULL,NULL,'',0,'Y',NULL,'N','N'),(43,'e10adc3949ba59abbe56e057f20f883e','staff2@mail.com','Y','N','2015-04-23 13:03:38','test','','2015-04-23','staff','staff2',NULL,3,26,NULL,NULL,'',NULL,NULL,'N',0,0,'Y',NULL,NULL,NULL,'',0,'Y',NULL,'N','N'),(44,'e10adc3949ba59abbe56e057f20f883e','staff3@mail.com','Y','N','2015-04-23 13:58:59','test','M','2000-01-01','staff3','staff3',NULL,3,26,NULL,NULL,'',NULL,NULL,'N',0,0,'Y',NULL,NULL,NULL,'',0,'Y',NULL,'N','N'),(45,'e10adc3949ba59abbe56e057f20f883e','staff6@mail.com','Y','N','2015-04-23 02:32:58','test','M','2000-01-01','staff6','staff6',NULL,1,0,NULL,NULL,'',NULL,NULL,'N',0,0,'Y',NULL,NULL,NULL,'',0,'Y',NULL,'N','N'),(46,'e10adc3949ba59abbe56e057f20f883e','nithins@newagesmb.com','Y','Y','2015-04-23 14:55:03','Test','M','2000-01-01','Nithin','Nithin',NULL,3,26,NULL,NULL,'',NULL,NULL,'N',0,0,'Y',NULL,NULL,NULL,'',0,'Y',NULL,'N','N'),(47,'e10adc3949ba59abbe56e057f20f883e','parkcentral@mail.com','Y','N','2015-06-17 00:00:00','Cole','M','0000-00-00','Sam',NULL,NULL,2,0,NULL,NULL,'',NULL,NULL,'N',0,1,'Y','2672112',NULL,NULL,'',0,'Y',NULL,'Y','Y'),(48,'e10adc3949ba59abbe56e057f20f883e','john@mail.com','Y','N','2015-04-23 15:11:54','test','M','2015-04-01','john','john',NULL,3,27,NULL,NULL,'',NULL,NULL,'N',0,0,'Y',NULL,NULL,NULL,'3480221',12,'Y',NULL,'N','N'),(49,'e10adc3949ba59abbe56e057f20f883e','livin@mail.com','Y','N','2015-04-23 16:26:59','Tester','M','2015-01-01','Livin','Livin',NULL,3,27,NULL,NULL,'',NULL,NULL,'N',0,0,'Y',NULL,NULL,NULL,'',0,'Y',NULL,'N','N'),(50,'e10adc3949ba59abbe56e057f20f883e','biju@mail.com','Y','N','2015-04-23 16:49:37','tester','M','2015-04-01','Biju','Biju',NULL,3,27,NULL,NULL,'',NULL,NULL,'N',0,0,'Y',NULL,NULL,NULL,'',0,'Y',NULL,'N','N'),(51,'e10adc3949ba59abbe56e057f20f883e','lucia@mail.com','Y','N','2015-06-17 00:00:00','Abraham','M','0000-00-00','Philip',NULL,NULL,2,0,NULL,NULL,'',NULL,NULL,'N',0,3,'N',NULL,NULL,NULL,'',0,'Y',NULL,'N','Y'),(53,'e10adc3949ba59abbe56e057f20f883e','haripriya12@newagesmb.com','Y','N','2015-04-24 07:17:46','christy','F','2015-04-14','dfsdf','dfdsf',NULL,3,1,NULL,NULL,'',NULL,NULL,'N',0,0,'Y',NULL,NULL,NULL,'',0,'Y',NULL,'N','N'),(54,'e10adc3949ba59abbe56e057f20f883e','ajay1213@newagesmb.com','N','N','2015-04-24 07:21:01','christy','F','2015-05-24','geet','ajay',NULL,3,1,NULL,NULL,'',NULL,NULL,'N',0,0,'Y',NULL,NULL,NULL,'',0,'Y',NULL,'N','N'),(55,'e10adc3949ba59abbe56e057f20f883e','ajay@newagesmb.com','Y','N','2015-04-24 07:31:32','christy','M','2015-04-16','ajay','ajay',NULL,3,1,NULL,NULL,'',NULL,NULL,'N',0,0,'Y',NULL,NULL,NULL,'',0,'Y',NULL,'N','N'),(56,'e10adc3949ba59abbe56e057f20f883e','mark@mail.com','Y','N','2015-04-24 12:44:50','','M','0000-00-00','mark',NULL,'145562367896',1,0,'2015-04-28 08:45:44','','1430146122.jpg','Nice app for testing','Test testing testing testing testing testing testing testing testing testing testing new test test new test  testing testing testing testing testing testing testing testing testing testing testing testing testing','N',0,0,'Y',NULL,NULL,NULL,'',0,'Y',NULL,'N','N'),(57,'e10adc3949ba59abbe56e057f20f883e','dghhhj@mail.com','Y','N','2015-04-24 12:50:50','','M','0000-00-00','ccvb gg',NULL,'125666666',1,0,NULL,'','',NULL,NULL,'N',0,0,'Y',NULL,NULL,NULL,'',0,'Y',NULL,'N','N'),(58,'bb1dfaf9772bc84c5c6a652e032a1bb8','anton@newagesmb.com','Y','Y','2015-06-17 00:00:00','test','M','0000-00-00','anton',NULL,NULL,2,0,NULL,NULL,'',NULL,NULL,'N',0,1,'Y','2393000',NULL,NULL,'',0,'Y',NULL,'N','Y'),(59,'e10adc3949ba59abbe56e057f20f883e','alexjoseph5367@gmail.com','N','N','2015-04-24 14:52:32','Tester','M','2000-04-01','Alex','alex',NULL,3,29,NULL,NULL,'',NULL,NULL,'N',0,0,'Y',NULL,NULL,NULL,'',0,'Y',NULL,'N','N'),(60,'1bd7d6afc25f3b0fc038d017b224250e','johnjoseph536@gmail.com','Y','N','2015-04-24 14:55:47','Joseph','M','2015-04-03','John','john',NULL,3,29,NULL,NULL,'',NULL,NULL,'N',0,0,'Y',NULL,NULL,NULL,'',0,'Y',NULL,'N','N'),(61,'7ecde0d1765e26779f63df248ceba276','umesh@newagesmb.com','Y','Y','2015-06-17 00:00:00','test','M','0000-00-00','umesh',NULL,NULL,2,0,NULL,NULL,'',NULL,NULL,'N',0,1,'Y','2393017',NULL,NULL,'',0,'Y',NULL,'N','Y'),(62,'e10adc3949ba59abbe56e057f20f883e','jibin@newagesmb.com','Y','N','2015-04-24 15:14:04','test','M','2015-04-02','jibin','Jibin',NULL,3,30,NULL,NULL,'',NULL,NULL,'N',0,0,'Y',NULL,NULL,NULL,'',0,'Y',NULL,'N','N'),(63,'bdaa54d412182a856dc50961a0b57396','galena70@gmail.com','Y','N','2015-04-25 21:27:54','','M','0000-00-00','galena',NULL,'00393387835094',1,0,'2016-03-08 09:15:47','(null)','1439486398.jpg','hi','\nI AM LOOKING FOR A GOLF PLAYER AT THE RESORT\n\nI AM LOOKING FOR A GOLF PLAYER AT THEthe resortRESORT','N',0,0,'Y',NULL,'2015-10-04 22:51:10',214,'3812338',0,'Y','APA91bHuSojNqWwxs_7DpftB8ek4zBFcEjxXlLqCwyprHYZ9UKBMRTgZpTCWec7gxHsNhAbtHHC-Sf3icUq_xWSLcRJ1Gz8IeUrHrx_OMWZUiOsWSdz9zXzkcohc6Jg0vnPK4D10l3VdSCvdOjau46v_TaIqmJMldg','N','N'),(64,'e10adc3949ba59abbe56e057f20f883e','haripriya122@newagesmb.com','Y','N','2015-06-17 00:00:00','M','M','0000-00-00','Reshma',NULL,NULL,2,0,NULL,NULL,'',NULL,NULL,'N',0,1,'Y','2394059',NULL,NULL,'',0,'Y',NULL,'N','Y'),(65,'e10adc3949ba59abbe56e057f20f883e','new@mail.com','Y','N','2015-04-27 11:23:54','','M','0000-00-00','new',NULL,'14567894563',1,0,'2015-06-02 09:33:39',NULL,'1433252362.png','','','N',0,0,'Y',NULL,'2015-06-02 09:39:26',56,'',0,'Y',NULL,'N','N'),(66,'d41d8cd98f00b204e9800998ecf8427e','jibin@mail.com','N','N','2015-04-27 11:01:27','Jibin','M','2015-04-27','Jibin','Jibin',NULL,3,27,NULL,NULL,'',NULL,NULL,'N',0,0,'Y',NULL,NULL,NULL,'',0,'Y',NULL,'N','N'),(67,'d41d8cd98f00b204e9800998ecf8427e','mahesh@mail.com','N','N','2015-04-27 11:02:10','test','M','2015-04-27','Mahesh','Mahesh',NULL,3,27,NULL,NULL,'',NULL,NULL,'N',0,0,'Y',NULL,NULL,NULL,'',0,'Y',NULL,'N','N'),(68,'d41d8cd98f00b204e9800998ecf8427e','hotel123@inhotel.com','N','N','2015-04-27 11:08:35','test','M','2015-04-16','Jilu','arun',NULL,3,27,NULL,NULL,'',NULL,NULL,'N',0,0,'Y',NULL,NULL,NULL,'',0,'Y',NULL,'N','N'),(69,'e10adc3949ba59abbe56e057f20f883e','nila@mail.com','Y','Y','2015-06-17 00:00:00','tester','M','0000-00-00','Umesh@mail.com',NULL,NULL,2,0,NULL,NULL,'',NULL,NULL,'N',0,3,'N',NULL,NULL,NULL,'',0,'Y',NULL,'N','Y'),(70,'d41d8cd98f00b204e9800998ecf8427e','hotel13455@inhotel.com','N','N','2015-04-27 11:14:07','R','M','2015-04-02','Jilu','arun',NULL,3,27,NULL,NULL,'',NULL,NULL,'N',0,0,'Y',NULL,NULL,NULL,'',0,'Y',NULL,'N','N'),(71,'e10adc3949ba59abbe56e057f20f883e','22mahesh55@gmail.com','Y','N','2015-06-17 00:00:00','tester','M','0000-00-00','mahesh',NULL,NULL,2,0,NULL,NULL,'',NULL,NULL,'N',0,1,'Y','2394354',NULL,NULL,'',0,'Y',NULL,'N','Y'),(72,'e10adc3949ba59abbe56e057f20f883e','umesh@newaagesmb.com','Y','Y','2015-06-17 00:00:00','test','M','0000-00-00','Umesh',NULL,NULL,2,0,NULL,NULL,'',NULL,NULL,'N',0,1,'Y',NULL,NULL,NULL,'',0,'Y',NULL,'N','Y'),(73,'e10adc3949ba59abbe56e057f20f883e','umesh@newagesmb.com','Y','Y','2015-06-17 00:00:00','test','M','0000-00-00','umesh',NULL,NULL,2,0,NULL,NULL,'',NULL,NULL,'N',0,3,'Y',NULL,NULL,NULL,'',0,'Y',NULL,'N','Y'),(74,'e10adc3949ba59abbe56e057f20f883e','umesh@newaagesmb.com','Y','Y','2015-06-17 00:00:00','test','M','0000-00-00','Umesh',NULL,NULL,2,0,NULL,NULL,'',NULL,NULL,'N',0,1,'Y',NULL,NULL,NULL,'',0,'Y',NULL,'N','Y'),(75,'e10adc3949ba59abbe56e057f20f883e','test1@mail.com','N','N','2015-04-27 11:35:38','test2','M','2015-04-07','test1','test1',NULL,3,35,NULL,NULL,'',NULL,NULL,'N',0,0,'Y',NULL,NULL,NULL,'',0,'Y',NULL,'N','N'),(76,'e10adc3949ba59abbe56e057f20f883e','josephantonnewage@gmail.com','Y','N','2015-04-27 12:29:44','anton','M','2000-04-01','Joseph','joseph',NULL,3,27,NULL,NULL,'',NULL,NULL,'N',0,0,'Y',NULL,NULL,NULL,'',0,'Y',NULL,'N','N'),(77,'e10adc3949ba59abbe56e057f20f883e','umesh@newagesmb.com','Y','Y','2015-06-17 00:00:00','test','M','0000-00-00','Umesh',NULL,NULL,2,0,NULL,NULL,'',NULL,NULL,'N',0,1,'Y',NULL,NULL,NULL,'',0,'Y',NULL,'N','Y'),(78,'e10adc3949ba59abbe56e057f20f883e','shijil@newagesmb.com','Y','N','2015-04-27 12:53:48','','M','0000-00-00','shijil',NULL,'14567894563',1,0,'2015-04-28 07:18:12',NULL,'1430154943.jpg','Testing for quality and efficiency','Testing in hotel for quality and efficient performance\nTesting for quality','N',0,0,'Y',NULL,NULL,NULL,'',0,'Y',NULL,'N','N'),(79,'e10adc3949ba59abbe56e057f20f883e','jim@mail.com','Y','N','2015-04-27 13:31:40','','M','0000-00-00','jim',NULL,'14562367896',1,0,'2015-04-27 16:30:43',NULL,'',NULL,NULL,'N',0,0,'Y',NULL,NULL,NULL,'',0,'Y',NULL,'N','N'),(80,'e10adc3949ba59abbe56e057f20f883e','hotelnew@inhotel.com','Y','N','2015-06-17 00:00:00','john','M','0000-00-00','johny',NULL,NULL,2,0,NULL,NULL,'',NULL,NULL,'N',0,1,'Y','2395314',NULL,NULL,'',0,'Y',NULL,'N','Y'),(83,'e10adc3949ba59abbe56e057f20f883e','jim@mailme.com','Y','N','2015-04-29 10:08:44','','M','0000-00-00','jim',NULL,'12233333',1,0,NULL,'','',NULL,NULL,'N',0,0,'Y',NULL,NULL,NULL,'',0,'Y',NULL,'N','N'),(84,'e10adc3949ba59abbe56e057f20f883e','dfghjhj@mail.com','Y','N','2015-04-29 10:09:13','','M','0000-00-00','jim',NULL,'12233333',1,0,NULL,'','',NULL,NULL,'N',0,0,'Y',NULL,NULL,NULL,'',0,'Y',NULL,'N','N'),(85,'e10adc3949ba59abbe56e057f20f883e','fgjjjjj@mail.com','Y','N','2015-04-29 10:11:00','','M','0000-00-00','jim',NULL,'12233333',1,0,NULL,'','',NULL,NULL,'N',0,0,'Y',NULL,NULL,NULL,'',0,'Y',NULL,'N','N'),(86,'e10adc3949ba59abbe56e057f20f883e','potter@mail.com','Y','N','2015-04-29 10:14:42','','M','0000-00-00','potter',NULL,'14567894563',1,0,NULL,'','',NULL,NULL,'N',0,0,'Y',NULL,NULL,NULL,'',0,'Y',NULL,'N','N'),(87,'e10adc3949ba59abbe56e057f20f883e','test@gm.com','Y','N','2015-04-29 10:15:09','','M','0000-00-00','test',NULL,'12323345',1,0,NULL,'','',NULL,NULL,'N',0,0,'Y',NULL,NULL,NULL,'',0,'Y',NULL,'N','N'),(88,'e10adc3949ba59abbe56e057f20f883e','potter1@mail.com','Y','N','2015-04-29 10:17:07','','M','0000-00-00','potter',NULL,'14567894563',1,0,'2015-04-29 10:22:00',NULL,'',NULL,NULL,'N',0,0,'Y',NULL,NULL,NULL,'',0,'Y',NULL,'N','N'),(89,'e10adc3949ba59abbe56e057f20f883e','tes@gm.com','Y','N','2015-04-29 10:17:10','','M','0000-00-00','trete',NULL,'1232143',1,0,NULL,'','',NULL,NULL,'N',0,0,'Y',NULL,NULL,NULL,'',0,'Y',NULL,'N','N'),(90,'e10adc3949ba59abbe56e057f20f883e','inhotel@mail.com','Y','N','2015-04-29 10:23:33','','M','0000-00-00','inhotel',NULL,'14567894563',1,0,'2015-08-07 11:30:54','','1433090142.jpg','Nice app to use','golf player\n\n','Y',1,0,'Y',NULL,'2015-08-07 11:35:29',1,'3484158',3,'Y','','N','N'),(91,'e10adc3949ba59abbe56e057f20f883e','yr.bogdan@gmail.com','Y','Y','2015-04-30 16:18:39','','M','0000-00-00','Yurii',NULL,'123456789',1,0,'2015-04-30 19:47:22',NULL,'',NULL,NULL,'N',1,0,'Y',NULL,'2015-04-30 19:53:57',NULL,'',0,'Y',NULL,'N','N'),(92,'e10adc3949ba59abbe56e057f20f883e','yr.bogdan@gmail.com','Y','N','2015-04-30 20:00:45','','M','0000-00-00','Yurii',NULL,'359877666272',1,0,'2015-05-02 11:19:47','','',NULL,NULL,'N',0,0,'Y',NULL,NULL,NULL,'',0,'Y',NULL,'N','N'),(93,'a0a2fdc3cd6edd833503699cf22a7be7','joyal@newagesmb.com','Y','N','2015-04-30 23:47:40','','M','0000-00-00','joyal',NULL,'24334224',1,0,'2015-05-21 07:41:37',NULL,'',NULL,NULL,'N',0,0,'Y',NULL,NULL,NULL,'',0,'Y',NULL,'N','N'),(94,'e10adc3949ba59abbe56e057f20f883e','das@mail.com','Y','N','2015-05-04 07:06:05','tester','M','2014-10-04','das','das',NULL,1,0,NULL,NULL,'',NULL,NULL,'N',0,0,'Y',NULL,NULL,NULL,'',0,'Y',NULL,'N','N'),(95,'e10adc3949ba59abbe56e057f20f883e','geo@mail.com','Y','N','2015-05-04 07:10:01','tester','M','2015-01-01','geo','geo',NULL,1,0,NULL,NULL,'',NULL,NULL,'N',0,0,'Y',NULL,NULL,NULL,'',0,'Y',NULL,'N','N'),(96,'e10adc3949ba59abbe56e057f20f883e','sthjkkf@mail.com','Y','N','2015-05-04 07:24:32','','M','0000-00-00','sghjhh',NULL,'14567894563',1,0,NULL,'','',NULL,NULL,'N',0,0,'Y',NULL,NULL,NULL,'',0,'Y',NULL,'N','N'),(97,'e10adc3949ba59abbe56e057f20f883e','jim@mail.com','Y','N','2015-06-17 00:00:00','tester','M','0000-00-00','Jim',NULL,NULL,2,0,NULL,NULL,'',NULL,NULL,'N',0,1,'Y','2398895',NULL,NULL,'',0,'Y',NULL,'N','Y'),(98,'e10adc3949ba59abbe56e057f20f883e','crux@mail.com','Y','N','2015-05-04 07:35:10','','M','0000-00-00','crux',NULL,'14567894563',1,0,'2015-06-17 09:53:19','','1433417604.png','','\n','Y',1,0,'Y',NULL,'2015-06-10 05:53:55',29,'3464168',1,'Y','APA91bE98nxCs1q0cJ9oMQ2Fjeqf-H0J4cmTNcYkKpC5W2Opd-vgQ3X78BdLAjpjUtjzhQOW9cr7qFfQupkyXZmSQOw8NavvCAV_AmefO2H5msTzBfSkw4hzVIcS7ZW0aGYs3NJ3sizybhYVPzcoqlPST-vM0wqueQ','N','N'),(99,'e10adc3949ba59abbe56e057f20f883e','drux@mail.com','Y','N','2015-05-04 08:43:09','','M','0000-00-00','drux',NULL,'12457894563',1,0,'2015-06-03 06:40:25','','1433254228.png','nice hotel to stay cool and calm','Description','N',0,0,'Y',NULL,'2015-06-02 10:02:55',30,'',0,'N',NULL,'N','N'),(100,'e10adc3949ba59abbe56e057f20f883e','clark@mail.com','Y','N','2015-05-04 10:30:47','','M','0000-00-00','clark',NULL,'14567894563',1,0,NULL,'','',NULL,NULL,'N',0,0,'Y',NULL,NULL,NULL,'',0,'Y',NULL,'N','N'),(101,'e10adc3949ba59abbe56e057f20f883e','hh@hj.n','Y','N','2015-05-04 10:33:27','','M','0000-00-00','jou',NULL,'22646',1,0,NULL,'','',NULL,NULL,'N',0,0,'Y',NULL,NULL,NULL,'',0,'Y',NULL,'N','N'),(102,'e10adc3949ba59abbe56e057f20f883e','ysg@uu.bb','Y','N','2015-05-04 10:36:20','','M','0000-00-00','ggz',NULL,'1224558',1,0,NULL,'','',NULL,NULL,'N',0,0,'Y',NULL,NULL,NULL,'',0,'Y',NULL,'N','N'),(103,'e10adc3949ba59abbe56e057f20f883e','ham@mail.com','Y','N','2015-05-04 10:41:10','','M','0000-00-00','ham',NULL,'14567894563',1,0,NULL,'','',NULL,NULL,'N',0,0,'Y',NULL,NULL,NULL,'',0,'Y',NULL,'N','N'),(104,'e10adc3949ba59abbe56e057f20f883e','gregg@mail.com','Y','N','2015-05-05 07:35:02','','M','0000-00-00','gregg',NULL,'14567892665',1,0,'2015-05-05 07:39:45',NULL,'',NULL,NULL,'N',0,0,'Y',NULL,NULL,NULL,'',0,'Y',NULL,'N','N'),(105,'e10adc3949ba59abbe56e057f20f883e','matt@mail.com','Y','N','2015-05-05 07:43:17','','M','0000-00-00','matt',NULL,'14567894563',1,0,'2015-05-18 08:21:20',NULL,'1430851936.jpg','ggghg','Testing \n\nTest\nTesting\n','N',0,0,'Y',NULL,NULL,8,'',0,'Y',NULL,'N','N'),(106,'e10adc3949ba59abbe56e057f20f883e','miller@mail.com','Y','N','2015-05-06 06:55:25','','M','0000-00-00','miller',NULL,'14567894563',1,0,'2015-05-25 12:45:23',NULL,'1430914109.jpg','Eating  cvjfg dgvgdvdv xhgcbjkjg bfbjfnudh fhj ghh hhh bj gggg ghh hhh bhj test','Testing in hotel app.\nTesting results in quality\ndfg hhjjjj jhggjjfg jfghjfg GGG\nfvhjsgh yyuuvgujj fggg vjgggh\nfhhj hgjjhjgggvhfh hhjjjcffhk\nghhhhjcsgk ghkjhh bjjjnjdghk\nghhjjsg iugggh ghjkkg jghkkk\nghhjj hjj bjkjvhjjj ggjkjfkoufhiihijhjggkkkffgjjvghh gjjk vjkkjc vvbhjj hjjj vjkj njfj hfhkl jjk mgfj jhdg hrgi bkchj hjjjj hgjkgvjjg jjjfvhfgbithvjhghvhgg jgggb bhghjvhjjkvbbj bjjjh test','N',0,0,'Y',NULL,'2015-05-06 08:12:08',9,'',0,'Y',NULL,'N','N'),(107,'e10adc3949ba59abbe56e057f20f883e','jeremy@mail.com','Y','N','2015-05-06 15:52:25','','M','0000-00-00','jeremy',NULL,'1456789563',1,0,'2015-05-18 08:48:33',NULL,'',NULL,NULL,'N',0,0,'Y',NULL,NULL,NULL,'',0,'Y',NULL,'N','N'),(108,'e10adc3949ba59abbe56e057f20f883e','jjj@mail.com','Y','N','2015-05-07 08:43:38','','M','0000-00-00','jjj',NULL,'14567894563  ',1,0,'2015-05-16 01:52:48',NULL,'',NULL,NULL,'N',0,0,'Y',NULL,NULL,NULL,'',0,'Y',NULL,'N','N'),(109,'e10adc3949ba59abbe56e057f20f883e','pete@mail.com','Y','N','2015-05-11 08:59:48','','M','0000-00-00','pete',NULL,'14567894563',1,0,'2015-06-11 13:52:15',NULL,'1434037754.png','','','Y',0,0,'Y',NULL,'2015-06-01 15:17:38',13,'3464115',8,'Y','APA91bEMoH1EV2wF2u05kCEGSC-6EMRSH5fb2R3nIPL07yD15Yi7fK5BjdjWX65_ffyW8Sn_4HTZkuyfnD97itaw1HVFIYDBE6TpujOOuCPwjAWooR2pENA8etqdpW3AdkmsYKkCmGqtRD54ZRIVmrs4UUZ1ngLbZA','N','N'),(110,'e10adc3949ba59abbe56e057f20f883e','san@mail.com','Y','N','2015-05-11 09:30:04','','M','0000-00-00','san',NULL,'14567894563',1,0,NULL,'','',NULL,NULL,'N',0,0,'Y',NULL,NULL,NULL,'',0,'Y',NULL,'N','N'),(111,'ed2b1f468c5f915f3f1cf75d7068baae','gg@g.com','Y','N','2015-05-11 09:50:00','','M','0000-00-00','gg',NULL,'123',1,0,NULL,'','',NULL,NULL,'N',0,0,'Y',NULL,NULL,NULL,'',0,'Y',NULL,'N','N'),(112,'ed2b1f468c5f915f3f1cf75d7068baae','ken@mail.com','Y','N','2015-05-11 10:14:25','','M','0000-00-00','ken',NULL,'123456',1,0,NULL,'','',NULL,NULL,'N',0,0,'Y',NULL,NULL,NULL,'',0,'Y',NULL,'N','N'),(113,'e10adc3949ba59abbe56e057f20f883e','ben@mail.com','Y','N','2015-05-11 12:42:48','','M','0000-00-00',' Been',NULL,'14567894563',1,0,'2015-06-10 12:46:40',NULL,'1432658857.jpg','drftdhhggbhjjbhvhhhjjjmmnljjbnhbbk9bbubbubihkufupgupiphibibbibkbinibbhihoj8 jojojhininknojihiduffuuhb joyal','bbzbx hhx bhx. bxjxjz hhbxxd bhhdbhhhhdbbhhhdbbnkxbvhhdbbc. hdhhjhvs bnnj bhhhjd hjkjjxjdhdbbdd bbdbd s no fg dhjj dhj dhjhvfgkk dhjggh dhhdtdvvfhbcfjhz gjjx fh cgkmb hyg kog dhgfcffv cvjv cjff ccbxhk vnvcv ujdvvfjk djkd h SG h HD sf bbhffjhcg SG h Hi h sf j UV CNN DJ h in SD h I CV j TTF HB gkhd FCK d UK TTC I sf kjhfkyv v.  Testing','Y',1,0,'Y',NULL,'2015-06-02 10:02:09',15,'3464141',0,'Y','APA91bGI2DWDRmDC4h_vbmi6cJO5t9xX7SDhl8XdpQRf8-fAEAxaGD-KQgTMXKCgozFREv53NaEbqeDFJqkvwT8RdAPY8t18Xra2XX8Q7tQQiXatMTz0cDJg7r5N3ufRZAhlSUN4Dv5ibb5GQyt5rn9y8uGDXA28jw','N','N'),(114,'e10adc3949ba59abbe56e057f20f883e','biju@newagesmb.com','Y','N','2015-06-17 00:00:00','dev','M','0000-00-00','biju',NULL,NULL,2,0,NULL,NULL,'',NULL,NULL,'N',0,3,'Y','2483231',NULL,NULL,'',0,'Y',NULL,'N','Y'),(115,'fcea920f7412b5da7be0cf42b8c93759','golwin@newagesmb.com','Y','N','2015-05-12 07:09:43','dev','M','1985-05-01','golwin','golwin',NULL,3,40,NULL,NULL,'',NULL,NULL,'N',0,0,'Y',NULL,NULL,NULL,'',0,'Y',NULL,'N','N'),(116,'e10adc3949ba59abbe56e057f20f883e','lyon@mail.com','Y','N','2015-05-12 10:16:07','','M','0000-00-00','Lyon',NULL,'14567894563',1,0,'2015-05-12 15:12:55','','',NULL,NULL,'N',0,0,'Y',NULL,NULL,16,'',0,'Y',NULL,'N','N'),(117,'e10adc3949ba59abbe56e057f20f883e','jyon@mail.com','Y','N','2015-05-12 10:18:27','','M','0000-00-00','Jyon',NULL,'12347894563',1,0,NULL,'','',NULL,NULL,'N',0,0,'Y',NULL,NULL,17,'',0,'Y',NULL,'N','N'),(118,'e10adc3949ba59abbe56e057f20f883e','demo@mail.con','Y','N','2015-05-14 14:31:46','','M','0000-00-00','demo',NULL,'1234567896',1,0,NULL,NULL,'1431628742.jpg','gg xhjj dgjk dhkk dhjkk fjkk xhkkl dhjkk dgjkkk fjkkk fhkjvdhjjbfhkk fjkjjchjkbfbmkbfvjk gji9 hjkkvjkk vihvvhjkjvgjkihvbhkl bhgh gfjhcbyufvk cnggh bx FM kg do jcnkfjihvgfjkfg ggkcnhfjkcnfm vhgxgfhjhgggjkfhjkdjk vhjkghl jlkkkchkk','','N',0,0,'Y',NULL,NULL,NULL,'',0,'Y',NULL,'N','N'),(119,'e10adc3949ba59abbe56e057f20f883e','andre@mail.com','Y','N','2015-05-15 12:14:14','','M','0000-00-00','andre',NULL,'1234567894',1,0,NULL,'','',NULL,NULL,'N',0,0,'Y',NULL,NULL,NULL,'',0,'Y',NULL,'N','N'),(120,'e10adc3949ba59abbe56e057f20f883e','jacob@mail.com','Y','N','2015-05-15 13:24:44','','M','0000-00-00','jacob',NULL,'1234567896',1,0,NULL,'','','nice place to dream','test\ntesting\ntet\nghk\nvbjmk\nghkk\ngjjk\nresults','N',0,0,'Y',NULL,NULL,23,'',0,'Y',NULL,'N','N'),(121,'e10adc3949ba59abbe56e057f20f883e','haripriy1a@newagesmb.com','Y','N','2015-05-20 03:11:16','hari','F','2015-05-07','hari','hari',NULL,3,1,NULL,NULL,'',NULL,NULL,'N',0,0,'Y',NULL,NULL,NULL,'3484649',0,'Y',NULL,'N','N'),(122,'e10adc3949ba59abbe56e057f20f883e','dghj@mail.com','Y','N','2015-05-20 16:52:47','','M','0000-00-00','xghj',NULL,'445566666',1,0,NULL,NULL,'',NULL,NULL,'N',0,0,'Y',NULL,NULL,NULL,'',0,'Y',NULL,'N','N'),(123,'e10adc3949ba59abbe56e057f20f883e','aj213@newagesmb.com','Y','N','2015-05-22 03:58:23','santhosh','F','2015-08-12','anitha','christy',NULL,1,0,NULL,NULL,'',NULL,NULL,'N',0,0,'Y',NULL,NULL,NULL,'',0,'Y',NULL,'N','N'),(125,'fcea920f7412b5da7be0cf42b8c93759','inhotel@email.com','Y','N','2015-05-22 07:10:48','','M','0000-00-00','inhotel',NULL,'123456',1,0,NULL,'','1432293068.jpg','','','N',0,0,'Y',NULL,NULL,NULL,'',0,'Y',NULL,'N','N'),(126,'fcea920f7412b5da7be0cf42b8c93759','jj@c.com','Y','N','2015-05-22 08:41:17','','M','0000-00-00','jj',NULL,'22365',1,0,NULL,NULL,'',NULL,NULL,'N',0,0,'Y',NULL,NULL,NULL,'',0,'Y',NULL,'N','N'),(127,'e10adc3949ba59abbe56e057f20f883e','cc@c.com','Y','N','2015-05-22 08:52:53','','M','0000-00-00','vv',NULL,'123589',1,0,NULL,NULL,'',NULL,NULL,'N',0,0,'Y',NULL,NULL,NULL,'',0,'Y',NULL,'N','N'),(128,'e10adc3949ba59abbe56e057f20f883e','demo1@mail.com','Y','N','2015-05-22 10:14:02','','M','0000-00-00','demo1',NULL,'14567894563',1,0,'2015-05-25 07:03:36',NULL,'','','','N',0,0,'Y',NULL,NULL,34,'',0,'Y',NULL,'N','N'),(129,'e10adc3949ba59abbe56e057f20f883e','demo2@mail.com','Y','N','2015-05-22 10:15:26','','M','0000-00-00','demo2',NULL,'1234567896',1,0,NULL,NULL,'',NULL,NULL,'N',0,0,'Y',NULL,NULL,35,'',0,'Y',NULL,'N','N'),(130,'e10adc3949ba59abbe56e057f20f883e','demo3@mail.com','Y','N','2015-05-22 10:32:34','','M','0000-00-00','demo3',NULL,'14567894563',1,0,'2015-05-22 12:29:26','','',NULL,NULL,'N',0,0,'Y',NULL,'2015-05-22 10:41:01',36,'',0,'Y',NULL,'N','N'),(131,'e10adc3949ba59abbe56e057f20f883e','demo4@mail.com','Y','N','2015-05-22 10:36:09','','M','0000-00-00','demo4',NULL,'14567894563',1,0,'2015-05-22 11:25:45',NULL,'',NULL,NULL,'N',0,0,'Y',NULL,NULL,37,'',0,'Y',NULL,'N','N'),(132,'e10adc3949ba59abbe56e057f20f883e','demo5@mail.com','Y','N','2015-05-22 12:18:36','','M','0000-00-00','demo5',NULL,'456231',1,0,'2015-05-25 12:48:53',NULL,'',NULL,NULL,'N',0,0,'Y',NULL,NULL,38,'',0,'Y',NULL,'N','N'),(133,'e10adc3949ba59abbe56e057f20f883e','demo6@mail.com','Y','N','2015-05-22 13:00:51','','M','0000-00-00','demo6',NULL,'23432452345',1,0,'2015-05-22 13:39:17','','',NULL,NULL,'N',0,0,'Y',NULL,NULL,40,'',0,'Y',NULL,'N','N'),(134,'e10adc3949ba59abbe56e057f20f883e','demo7@mail.com','Y','N','2015-05-22 13:08:17','','M','0000-00-00','demo7',NULL,'23432',1,0,NULL,NULL,'',NULL,NULL,'N',0,0,'Y',NULL,NULL,NULL,'',0,'Y',NULL,'N','N'),(135,'e10adc3949ba59abbe56e057f20f883e','hh@hh.com','Y','N','2015-05-22 13:10:32','','M','0000-00-00','test',NULL,'3423',1,0,'2015-05-22 13:16:17',NULL,'',NULL,NULL,'N',0,0,'Y',NULL,NULL,NULL,'',0,'Y',NULL,'N','N'),(136,'e10adc3949ba59abbe56e057f20f883e','ranjith@mail.com','Y','N','2015-05-22 13:18:08','','M','0000-00-00','ranjith',NULL,'32432423',1,0,'2015-05-22 13:33:28',NULL,'',NULL,NULL,'N',0,0,'Y',NULL,NULL,41,'',0,'Y',NULL,'N','N'),(137,'e10adc3949ba59abbe56e057f20f883e','test111@mail.com','Y','N','2015-05-22 13:51:32','','M','0000-00-00','test111',NULL,'14567894563',1,0,'2015-05-25 06:39:11',NULL,'1432318725.jpg','welcome','Description','N',0,0,'Y',NULL,NULL,42,'',0,'Y',NULL,'N','N'),(138,'e10adc3949ba59abbe56e057f20f883e','test222@mail.com','Y','N','2015-05-22 13:56:58','','M','0000-00-00','test222',NULL,'14567894563',1,0,'2015-05-22 15:51:42',NULL,'1432318772.jpg','Nice and beautiful app','Description','N',0,0,'Y',NULL,NULL,43,'',0,'Y',NULL,'N','N'),(139,'e10adc3949ba59abbe56e057f20f883e','test333@mail.com','Y','N','2015-05-22 14:49:45','','M','0000-00-00','test333',NULL,'14567894563',1,0,'2015-05-22 14:57:47','','',NULL,NULL,'N',0,0,'Y',NULL,NULL,44,'',0,'Y',NULL,'N','N'),(140,'e10adc3949ba59abbe56e057f20f883e','umesh@mailme.com','N','Y','2015-05-22 15:40:49','tester','M','2008-11-01','umesh','umesh',NULL,3,27,NULL,NULL,'',NULL,NULL,'N',0,0,'Y',NULL,NULL,NULL,'',0,'Y',NULL,'N','N'),(141,'e10adc3949ba59abbe56e057f20f883e','test555@mail.com','Y','N','2015-05-22 15:44:44','','M','0000-00-00','test555',NULL,'1234567896',1,0,'2015-05-22 16:36:31','','','','','N',0,0,'Y',NULL,NULL,45,'',0,'Y',NULL,'N','N'),(142,'e10adc3949ba59abbe56e057f20f883e','test666@mail.com','Y','N','2015-05-22 15:45:47','','M','0000-00-00','test666',NULL,'1234567896',1,0,'2015-05-22 16:35:21','','',NULL,NULL,'N',0,0,'Y',NULL,NULL,46,'',0,'Y',NULL,'N','N'),(143,'e10adc3949ba59abbe56e057f20f883e','hh@h.com','Y','N','2015-05-22 15:46:50','','M','0000-00-00','jj',NULL,'255665',1,0,NULL,'','',NULL,NULL,'N',0,0,'Y',NULL,NULL,NULL,'',0,'Y',NULL,'N','N'),(144,'e10adc3949ba59abbe56e057f20f883e','gg@gg.cm','Y','N','2015-05-22 15:55:54','','M','0000-00-00','lgg',NULL,'664664646',1,0,NULL,'','',NULL,NULL,'N',0,0,'Y',NULL,NULL,NULL,'',0,'Y',NULL,'N','N'),(145,'e10adc3949ba59abbe56e057f20f883e','asdas@mail.com','N','N','2015-05-22 16:17:57','asdasd','M','2015-03-12','asdasd','asdasd',NULL,3,27,NULL,NULL,'',NULL,NULL,'N',0,0,'Y',NULL,NULL,NULL,'',0,'Y',NULL,'N','N'),(146,'e10adc3949ba59abbe56e057f20f883e','new111@mail.com','Y','N','2015-05-25 06:51:27','','M','0000-00-00','new111',NULL,'14567894563',1,0,'2015-05-25 07:05:40','','',NULL,NULL,'N',0,0,'Y',NULL,NULL,47,'',0,'Y',NULL,'N','N'),(147,'fcea920f7412b5da7be0cf42b8c93759','joj@mIl.in','Y','N','2015-05-25 07:05:27','','M','0000-00-00','joj',NULL,'1223355',1,0,NULL,NULL,'',NULL,NULL,'N',0,0,'Y',NULL,NULL,NULL,'',0,'Y',NULL,'N','N'),(148,'ed2b1f468c5f915f3f1cf75d7068baae','vv@c.n','Y','N','2015-05-25 07:25:00','','M','0000-00-00','bb',NULL,'122355',1,0,NULL,NULL,'',NULL,NULL,'N',0,0,'Y',NULL,NULL,NULL,'',0,'Y',NULL,'N','N'),(149,'e10adc3949ba59abbe56e057f20f883e','ggc@gg.b','Y','N','2015-05-25 07:31:57','','M','0000-00-00','vv',NULL,'25464664',1,0,NULL,NULL,'',NULL,NULL,'N',0,0,'Y',NULL,NULL,NULL,'',0,'Y',NULL,'N','N'),(150,'e10adc3949ba59abbe56e057f20f883e','bb@d.nn','Y','N','2015-05-25 08:18:22','','M','0000-00-00','bb@d.nn',NULL,'123554786',1,0,NULL,'','',NULL,NULL,'N',0,0,'Y',NULL,NULL,NULL,'',0,'Y',NULL,'N','N'),(151,'e10adc3949ba59abbe56e057f20f883e','hh@ff.cm','Y','N','2015-05-25 08:32:51','','M','0000-00-00','hh',NULL,'2575646',1,0,NULL,'','',NULL,NULL,'N',0,0,'Y',NULL,NULL,NULL,'',0,'Y',NULL,'N','N'),(152,'e10adc3949ba59abbe56e057f20f883e','bbb@b.n','Y','N','2015-05-25 08:38:14','','M','0000-00-00','bbb',NULL,'12354786',1,0,NULL,'','',NULL,NULL,'N',0,0,'Y',NULL,NULL,NULL,'',0,'Y',NULL,'N','N'),(153,'e10adc3949ba59abbe56e057f20f883e','bb@vc.n','Y','N','2015-05-25 08:52:51','','M','0000-00-00','bb@vc.n',NULL,'123545',1,0,NULL,'','',NULL,NULL,'N',0,0,'Y',NULL,NULL,NULL,'',0,'Y',NULL,'N','N'),(154,'fcea920f7412b5da7be0cf42b8c93759','joyal@mail.in','Y','N','2015-05-25 08:58:03','','M','0000-00-00','testjoyal',NULL,'1235647',1,0,NULL,'','',NULL,NULL,'N',0,0,'Y',NULL,NULL,NULL,'',0,'Y',NULL,'N','N'),(155,'fcea920f7412b5da7be0cf42b8c93759','xx@c.n','Y','N','2015-05-25 09:04:37','','M','0000-00-00','xx',NULL,'256584433',1,0,NULL,'','',NULL,NULL,'N',0,0,'Y',NULL,NULL,NULL,'',0,'Y',NULL,'N','N'),(156,'e10adc3949ba59abbe56e057f20f883e','inhotel1@mail.com','Y','N','2015-05-25 10:24:08','','M','0000-00-00','inhotel1',NULL,'14567894563',1,0,'2015-05-25 15:33:56',NULL,'1432565056.jpg','','Description','N',1,0,'Y',NULL,'2015-05-25 12:13:01',48,'',0,'Y',NULL,'N','N'),(157,'e10adc3949ba59abbe56e057f20f883e','inhotel2@mail.com','Y','N','2015-05-25 10:49:10','','M','0000-00-00','inhotel2',NULL,'123456789',1,0,'2015-05-25 15:23:06',NULL,'1432569024.jpg','','Description','N',0,0,'Y',NULL,NULL,49,'',0,'Y',NULL,'N','N'),(158,'e10adc3949ba59abbe56e057f20f883e','cxz@n.n','Y','N','2015-05-25 12:24:31','','M','0000-00-00','jj',NULL,'222232',1,0,NULL,NULL,'',NULL,NULL,'N',0,0,'Y',NULL,NULL,NULL,'',0,'Y',NULL,'N','N'),(159,'e10adc3949ba59abbe56e057f20f883e','gg@bbg.n','Y','N','2015-05-25 12:26:23','','M','0000-00-00','gg',NULL,'12255',1,0,NULL,NULL,'',NULL,NULL,'N',0,0,'Y',NULL,NULL,NULL,'',0,'Y',NULL,'N','N'),(160,'e10adc3949ba59abbe56e057f20f883e','vv@vv.n','Y','N','2015-05-25 12:31:36','','M','0000-00-00','xsss',NULL,'15553680',1,0,NULL,NULL,'',NULL,NULL,'N',0,0,'Y',NULL,NULL,NULL,'',0,'Y',NULL,'N','N'),(162,'e10adc3949ba59abbe56e057f20f883e','guest1@inhotel.com','Y','N','2015-05-25 15:36:35','','M','0000-00-00','guest1',NULL,'14567894563',1,0,'2015-06-01 10:42:18',NULL,'',NULL,NULL,'N',0,0,'Y',NULL,'2015-06-01 10:42:50',50,'',0,'Y',NULL,'N','N'),(163,'e10adc3949ba59abbe56e057f20f883e','guest2@inhotel.com','Y','N','2015-05-25 15:38:37','','M','0000-00-00','guest2',NULL,'14567894563',1,0,'2015-06-01 06:41:48',NULL,'',NULL,NULL,'N',0,0,'Y',NULL,NULL,51,'',0,'Y',NULL,'N','N'),(164,'e10adc3949ba59abbe56e057f20f883e','guest3@inhotel.com','Y','N','2015-05-26 07:12:28','','M','0000-00-00','guest3',NULL,'14567897896',1,0,'2015-06-02 09:31:13',NULL,'1432730543.png','','','N',0,0,'Y',NULL,'2015-05-26 15:02:03',52,'',0,'Y',NULL,'N','N'),(165,'e10adc3949ba59abbe56e057f20f883e','guest4@inhotel.com','Y','N','2015-05-26 07:14:26','','M','0000-00-00','guest4',NULL,'1234567896',1,0,'2015-05-27 08:51:10','','1432664389.jpg','','','N',1,0,'Y',NULL,'2015-05-26 13:08:44',53,'',0,'Y',NULL,'N','N'),(166,'e10adc3949ba59abbe56e057f20f883e','haripriya@newagesmb.com','Y','N','2015-05-26 11:14:03','P K','F','2015-05-14','haripriya','hari',NULL,3,1,NULL,NULL,'',NULL,NULL,'N',0,0,'Y',NULL,NULL,NULL,'3484578',0,'Y',NULL,'N','N'),(167,'e10adc3949ba59abbe56e057f20f883e','bibinv@newagesmb.com','Y','N','2015-05-26 11:21:46','Test','M','2015-09-26','Bibin','Bibin',NULL,3,27,NULL,NULL,'',NULL,NULL,'N',0,0,'Y',NULL,NULL,NULL,'',0,'Y',NULL,'N','N'),(168,'e10adc3949ba59abbe56e057f20f883e','guest5@mail.com','Y','N','2015-05-26 15:04:24','','M','0000-00-00','guest5',NULL,'14567894563',1,0,'2015-05-26 15:25:41',NULL,'',NULL,NULL,'N',0,0,'Y',NULL,NULL,54,'',0,'Y',NULL,'N','N'),(169,'e10adc3949ba59abbe56e057f20f883e','guest6@mail.com','Y','N','2015-05-26 15:11:24','','M','0000-00-00','guest',NULL,'14567894563',1,0,NULL,NULL,'',NULL,NULL,'N',0,0,'Y',NULL,NULL,NULL,'',0,'Y',NULL,'N','N'),(170,'e10adc3949ba59abbe56e057f20f883e','testernewagesmb@gmail.com','Y','N','2015-05-27 09:31:11','test','M','1985-12-01','tester','tester',NULL,3,27,NULL,NULL,'',NULL,NULL,'N',0,0,'Y',NULL,NULL,NULL,'3484543',0,'Y',NULL,'N','N'),(171,'e10adc3949ba59abbe56e057f20f883e','new@inhotel.com','Y','N','2015-05-27 12:23:58','','M','0000-00-00','new',NULL,'1234567896',1,0,'2015-05-27 12:31:40',NULL,'',NULL,NULL,'N',0,0,'Y',NULL,NULL,57,'',0,'Y',NULL,'N','N'),(172,'e10adc3949ba59abbe56e057f20f883e','new1@inhotel.com','Y','Y','2015-05-27 12:36:49','','M','0000-00-00','new1',NULL,'14567894563',1,0,NULL,NULL,'',NULL,NULL,'N',1,0,'Y',NULL,'2015-05-27 13:13:03',58,'',0,'Y',NULL,'N','N'),(173,'e10adc3949ba59abbe56e057f20f883e','jack@mail.com','Y','N','2015-05-27 13:27:00','','M','0000-00-00','jack',NULL,'14567894563',1,0,NULL,'','',NULL,NULL,'N',0,0,'Y',NULL,NULL,60,'',0,'Y',NULL,'N','N'),(175,'8d9b2d4e61a903b1b6216bd3d0df6fc2','derek@mail.com','Y','N','2015-05-28 10:57:42','','M','0000-00-00','derek',NULL,'14567894563',1,0,'2015-05-29 13:45:07','','1432921677.png','','','Y',0,0,'Y',NULL,'2015-05-29 14:28:19',61,'',1,'Y',NULL,'N','N'),(176,'e10adc3949ba59abbe56e057f20f883e','dave@mail.com','Y','N','2015-05-29 09:53:46','','M','0000-00-00','dave',NULL,'14567894563',1,0,'2016-03-09 11:30:12','','',NULL,NULL,'N',0,0,'Y',NULL,NULL,62,'10669748',0,'Y','APA91bFT1N_qGdODYmzl2XuKdexqk4qPGPQoU82tpmpb9iXre9yGGvgpvZ9ghbJOoumT98q3g4BRvzNtZnvm56QCeCpWBxl6FSRvyLfOjYeCJiBVTIgiiocZUH0uy55JilGoFwEH57FR','N','N'),(177,'e10adc3949ba59abbe56e057f20f883e','abhijith@newagesmb.com','Y','N','2015-06-01 14:36:31','','M','0000-00-00','Abhi',NULL,'',1,0,NULL,NULL,'',NULL,NULL,'N',0,0,'Y',NULL,NULL,NULL,'',0,'Y',NULL,'N','N'),(178,'e10adc3949ba59abbe56e057f20f883e','eric@mail.com','Y','N','2015-06-02 13:57:09','','M','0000-00-00','eric',NULL,'',1,0,'2015-06-02 14:35:12','','',NULL,NULL,'N',0,0,'Y',NULL,NULL,63,'',0,NULL,NULL,'N','N'),(179,'01da401da739f6c8aa29104ec2b73340','umesh@newagesmb.com','Y','N','2015-06-03 09:46:15','','M','0000-00-00','umesh',NULL,'',1,0,'2015-06-03 10:05:16','','','','Description','N',0,0,'Y',NULL,NULL,64,'',0,NULL,NULL,'N','N'),(180,'ba40760f3cbd50c449207be8a85c6422','asker@newagesmb.com','Y','Y','2015-06-03 10:07:00','','M','0000-00-00','asker',NULL,'',1,0,NULL,NULL,'',NULL,NULL,'N',0,0,'Y',NULL,NULL,65,'',0,NULL,NULL,'N','N'),(181,'e10adc3949ba59abbe56e057f20f883e','rich@mail.com','Y','N','2015-06-03 10:53:36','','M','0000-00-00','richard',NULL,'',1,0,'2015-06-03 10:57:37','','',NULL,NULL,'N',0,0,'Y',NULL,NULL,66,'',0,NULL,NULL,'N','N'),(182,'e10adc3949ba59abbe56e057f20f883e','testing1@mail.com','Y','Y','2015-06-03 12:29:21','','M','0000-00-00','testing1',NULL,'',1,0,NULL,NULL,'1433351333.png','','','N',0,0,'Y',NULL,'2015-06-03 13:10:20',67,'',0,'N',NULL,'N','N'),(183,'e10adc3949ba59abbe56e057f20f883e','testing2@mail.com','Y','Y','2015-06-03 12:31:28','','M','0000-00-00','testing2',NULL,'',1,0,'2015-06-03 12:41:34','','1433350215.png','','','N',0,0,'Y',NULL,NULL,68,'',0,NULL,NULL,'N','N'),(184,'e10adc3949ba59abbe56e057f20f883e','kevin@mail.com','Y','N','2015-06-03 12:37:23','','M','0000-00-00','kevin',NULL,'',1,0,NULL,NULL,'',NULL,NULL,'N',0,0,'Y',NULL,NULL,NULL,'',0,NULL,NULL,'N','N'),(185,'e10adc3949ba59abbe56e057f20f883e','testing3@mail.com','Y','N','2015-06-03 13:11:36','','M','0000-00-00','testing3',NULL,'',1,0,'2015-06-08 12:28:36',NULL,'1433359702.png','','','N',0,0,'Y',NULL,'2015-06-03 15:47:43',69,'',0,'N',NULL,'N','N'),(186,'e10adc3949ba59abbe56e057f20f883e','nithins@newagesmb.com','Y','N','2015-06-03 15:08:55','','M','0000-00-00','nithin',NULL,'',1,0,'2015-06-03 15:32:50','','',NULL,NULL,'N',0,0,'Y',NULL,NULL,70,'',0,NULL,NULL,'N','N'),(187,'e10adc3949ba59abbe56e057f20f883e','ddd@mail.com','Y','N','2015-06-03 15:33:32','','M','0000-00-00','did',NULL,'',1,0,NULL,'','',NULL,NULL,'N',0,0,'Y',NULL,NULL,NULL,'',0,NULL,NULL,'N','N'),(188,'e10adc3949ba59abbe56e057f20f883e','testing4@mail.com','Y','N','2015-06-04 07:32:36','','M','0000-00-00','testing4',NULL,'',1,0,'2015-06-22 11:08:55','','',NULL,NULL,'Y',0,0,'Y',NULL,'2015-06-04 08:21:14',71,'3487985',0,'Y','APA91bFKdbf5t9o6B0t6PIG_U9-shHXDR3a9LwnxHX6sLgi0bB-3EcQzCYxMmyNgITGJVdZPcHAli4sJ7_3eB_LOHzLyP776qya5mIySJcHLwz1Wp8992qFU53czAeUJ7UeDQlzyZxldtUZu8QaaKQphfiA_feHiVw','N','N'),(189,'e10adc3949ba59abbe56e057f20f883e','testing5@mail.com','Y','N','2015-06-04 09:19:50','','M','0000-00-00','testing5',NULL,'',1,0,'2015-07-08 12:23:49','','1433435124.jpg','','Description','Y',0,0,'Y',NULL,'2015-06-09 11:03:36',72,'3464126',1,'Y','APA91bG7oL5jSr3pAxriYuln71mE_VvaeCxvhQLEOmMQPsxhniBTBji6sVsUjFrsIp1B0PohTn-MEQ7Z6Jjntm9_RJrPb692LYVLntLxZQwNoiqc2KzDl9rJnbzXEsn_ccoS7rvkVxk-','N','N'),(190,'e10adc3949ba59abbe56e057f20f883e','testing6@mail.com','Y','N','2015-06-04 09:30:42','','M','0000-00-00','testing6',NULL,'',1,0,'2015-06-04 10:53:05',NULL,'1433425518.png','','','N',0,0,'Y',NULL,NULL,73,'',1,NULL,NULL,'N','N'),(191,'e10adc3949ba59abbe56e057f20f883e','testing1@mail.com','Y','N','2015-06-04 13:44:20','','M','0000-00-00','testing1',NULL,'',1,0,'2015-06-09 10:55:14',NULL,'1433440019.jpg','','Description','N',0,0,'Y',NULL,'2015-06-09 10:55:53',67,'',0,'Y',NULL,'N','N'),(192,'e10adc3949ba59abbe56e057f20f883e','tim@mail.com','Y','N','2015-06-05 13:58:23','','M','0000-00-00','Tim',NULL,'',1,0,'2015-06-08 15:49:33',NULL,'1433793049.jpg','','Description','N',0,0,'Y',NULL,NULL,74,'',0,NULL,NULL,'N','N'),(193,'e10adc3949ba59abbe56e057f20f883e','testing11@mail.com','Y','N','2015-06-08 15:32:13','','M','0000-00-00','testing11',NULL,'',1,0,NULL,NULL,'',NULL,NULL,'N',0,0,'Y',NULL,NULL,NULL,'',0,NULL,NULL,'N','N'),(194,'e10adc3949ba59abbe56e057f20f883e','metcy@newagesmb.com','Y','N','2015-06-10 09:48:12','','M','0000-00-00','metcy',NULL,'',1,0,NULL,'','',NULL,NULL,'N',0,0,'Y',NULL,NULL,NULL,NULL,0,NULL,NULL,'N','N'),(195,'e10adc3949ba59abbe56e057f20f883e','james@mail.com','Y','N','2015-06-11 09:11:23','','M','0000-00-00','James',NULL,'',1,0,'2015-08-10 15:06:52','f5c30110791e8e91669de6aef52d9f5a88a78a06babfc5c80084f6f0037f36ef','1435864966.jpg','','Description','Y',0,0,'Y',NULL,'2015-06-15 11:08:18',185,'3487420',4,'N',NULL,'N','N'),(196,'e10adc3949ba59abbe56e057f20f883e','devin@mail.com','Y','N','2015-06-11 09:15:59','','M','0000-00-00','devin',NULL,'',1,0,'2015-12-29 14:57:34','3a4be916cb17de9bde39c897bcbaf2f033bf574344655c59461812ae2234768a','1435860340.png','','Nice hotel to stay good','Y',0,0,'Y',NULL,'2015-06-22 10:50:47',184,'3651518',39,'N',NULL,'N','N'),(197,'e10adc3949ba59abbe56e057f20f883e','test1@hoyel1.com','Y','N','2015-06-11 09:21:46','christy','M','2015-06-11','hari','test',NULL,3,1,NULL,NULL,'',NULL,NULL,'N',0,0,'Y',NULL,NULL,NULL,'3484437',0,NULL,NULL,'N','N'),(198,'e10adc3949ba59abbe56e057f20f883e','uuu@mail.com','Y','N','2015-06-11 09:30:51','','M','0000-00-00','uuu ',NULL,'',1,0,NULL,'','',NULL,NULL,'N',0,0,'Y',NULL,'2015-06-11 09:33:19',79,'3484636',0,'N','','N','N'),(199,'e10adc3949ba59abbe56e057f20f883e','rrr@mail.com','Y','N','2015-06-11 09:35:36','','M','0000-00-00','rrr',NULL,'',1,0,NULL,'','',NULL,NULL,'N',0,0,'Y',NULL,NULL,80,'3484707',0,NULL,'','N','N'),(200,'e10adc3949ba59abbe56e057f20f883e','sachin@newagesmb.com','Y','N','2015-06-11 09:48:31','','M','0000-00-00','sachin',NULL,'',1,0,'2015-06-11 09:59:29','','',NULL,NULL,'N',0,0,'Y',NULL,NULL,81,'3484925',0,'N','','N','N'),(201,'e10adc3949ba59abbe56e057f20f883e','nithin@gm.com','Y','N','2015-06-11 10:03:08','','M','0000-00-00','nithin',NULL,'',1,0,NULL,'','',NULL,NULL,'N',0,0,'Y',NULL,NULL,NULL,'3485152',0,'N','','N','N'),(202,'e10adc3949ba59abbe56e057f20f883e','soumya@neagesmb.com','Y','N','2015-06-17 00:00:00','soumya','M','0000-00-00','soumya',NULL,NULL,2,0,NULL,NULL,'',NULL,NULL,'N',0,1,'N',NULL,NULL,NULL,NULL,0,'N',NULL,'N','Y'),(209,'e10adc3949ba59abbe56e057f20f883e','soumya@newagesmb.com','Y','N','2015-06-17 06:47:37','soumya','M','0000-00-00','soumya',NULL,NULL,2,0,NULL,NULL,'',NULL,NULL,'N',0,1,'Y','2588760',NULL,NULL,NULL,0,'N',NULL,'Y','Y'),(210,'e10adc3949ba59abbe56e057f20f883e','anton@newagesmb.com','Y','N','2015-06-17 07:32:01','Joseph','M','0000-00-00','anton',NULL,NULL,2,0,NULL,NULL,'',NULL,NULL,'N',0,1,'Y','2670851',NULL,NULL,NULL,0,'N',NULL,'N','Y'),(212,'e10adc3949ba59abbe56e057f20f883e','anton1@newagesmb.com','Y','N','2015-06-17 08:34:08','rte','M','0000-00-00','re',NULL,NULL,2,0,NULL,NULL,'',NULL,NULL,'N',0,0,'Y',NULL,NULL,NULL,NULL,0,'N',NULL,'N','Y'),(213,'e10adc3949ba59abbe56e057f20f883e','adharsh@newagesmb.com','N','N','2015-06-17 08:34:25','test','M','1985-12-01','Adharsh','adarsh',NULL,3,49,NULL,NULL,'',NULL,NULL,'N',0,0,'Y',NULL,NULL,NULL,'3619561',0,'N',NULL,'N','N'),(214,'e10adc3949ba59abbe56e057f20f883e','fred@mail.com','Y','N','2015-06-17 08:35:44','test','M','1992-03-26','Fred','fred',NULL,3,49,NULL,NULL,'',NULL,NULL,'N',0,0,'Y',NULL,NULL,NULL,'3619588',0,'N',NULL,'N','N'),(215,'e10adc3949ba59abbe56e057f20f883e','sdfsdf@mail.com','N','N','2015-06-17 08:36:21','asdsa','M','2015-06-01','asdas','asd',NULL,3,49,NULL,NULL,'',NULL,NULL,'N',0,0,'Y',NULL,NULL,NULL,'3619615',0,'N',NULL,'N','N'),(216,'e10adc3949ba59abbe56e057f20f883e','tony@mail.com','Y','N','2015-06-17 08:45:31','','M','0000-00-00','tony',NULL,'',1,0,'2015-06-25 17:17:48','','',NULL,NULL,'N',0,0,'Y',NULL,NULL,82,'3619822',0,'N','','N','N'),(217,'e10adc3949ba59abbe56e057f20f883e','gio@mail.com','Y','N','2015-06-17 09:27:55','','M','0000-00-00','gio',NULL,'',1,0,'2015-06-25 17:16:33','','',NULL,NULL,'N',0,0,'Y',NULL,NULL,83,'3620713',0,'N','','N','N'),(218,'e10adc3949ba59abbe56e057f20f883e','ramesh@mail.com','Y','N','2015-06-18 02:37:54','test','M','0000-00-00','Ramesh',NULL,NULL,2,0,NULL,NULL,'',NULL,NULL,'N',0,0,'Y',NULL,NULL,NULL,NULL,0,'N',NULL,'N','Y'),(219,'e10adc3949ba59abbe56e057f20f883e','abin@mail.com','N','N','2015-06-18 14:40:44','test','M','1985-03-01','abin','abin',NULL,3,52,NULL,NULL,'',NULL,NULL,'N',0,0,'Y',NULL,NULL,NULL,NULL,0,'N',NULL,'N','N'),(220,'e10adc3949ba59abbe56e057f20f883e','navin@mail.com','N','N','2015-06-18 14:46:26','test','M','1985-12-01','navin','navin',NULL,3,52,NULL,NULL,'',NULL,NULL,'N',0,0,'Y',NULL,NULL,NULL,NULL,0,'N',NULL,'N','N'),(221,'e10adc3949ba59abbe56e057f20f883e','mahesh123@newagesmb.com','N','N','2015-06-18 15:02:35','mahesh123','M','2015-06-02','mahesh123','mahesh123',NULL,3,1,NULL,NULL,'',NULL,NULL,'N',0,0,'Y',NULL,NULL,NULL,'3649301',0,'N',NULL,'N','N'),(222,'e10adc3949ba59abbe56e057f20f883e','umesh1@newagesmb.com','N','N','2015-06-18 15:03:58','umesh1','M','2015-06-02','umesh1','umesh1',NULL,3,1,NULL,NULL,'',NULL,NULL,'N',0,0,'Y',NULL,NULL,NULL,'3649330',0,'N',NULL,'N','N'),(223,'e10adc3949ba59abbe56e057f20f883e','david@mail.com','N','N','2015-06-18 15:07:32','test','M','1991-10-31','david','david',NULL,3,52,NULL,NULL,'',NULL,NULL,'N',0,0,'Y',NULL,NULL,NULL,'3649406',0,'N',NULL,'N','N'),(224,'e10adc3949ba59abbe56e057f20f883e','sadsa@mail.com','N','N','2015-06-18 15:08:02','sdsd','M','2015-06-18','sdsd','sdsd',NULL,3,52,NULL,NULL,'',NULL,NULL,'N',0,0,'Y',NULL,NULL,NULL,'3649416',0,'N',NULL,'N','N'),(225,'e10adc3949ba59abbe56e057f20f883e','user@mail.com','Y','N','2015-06-19 07:10:46','test','M','0000-00-00','user',NULL,NULL,2,0,NULL,NULL,'',NULL,NULL,'N',0,0,'Y',NULL,NULL,NULL,NULL,0,'N',NULL,'N','Y'),(226,'e10adc3949ba59abbe56e057f20f883e','davis@mail.com','Y','N','2015-06-23 16:34:52','','M','0000-00-00','davis',NULL,'',1,0,'2015-06-24 15:38:50','','',NULL,NULL,'Y',0,0,'Y',NULL,'2015-06-23 17:14:31',89,'3676089',0,'N','','N','N'),(227,'e10adc3949ba59abbe56e057f20f883e','veron@mail.com','Y','N','2015-06-24 15:52:53','','M','0000-00-00','veron',NULL,'',1,0,NULL,'','',NULL,NULL,'N',0,0,'Y',NULL,NULL,90,'3676376',0,'N','','N','N'),(228,'e10adc3949ba59abbe56e057f20f883e','sam@mail.com','Y','Y','2015-06-24 16:24:30','','M','0000-00-00','sam',NULL,'',1,0,'2015-06-24 16:43:34','','',NULL,NULL,'N',0,0,'Y',NULL,NULL,93,NULL,0,'N',NULL,'N','N'),(229,'e10adc3949ba59abbe56e057f20f883e','ervin@mail.com','Y','N','2015-06-24 17:04:14','','M','0000-00-00','Ervin',NULL,'',1,0,'2015-06-24 18:42:11','','',NULL,NULL,'N',0,0,'Y',NULL,NULL,94,NULL,0,'N',NULL,'N','N'),(230,'e10adc3949ba59abbe56e057f20f883e','aneesh@hotel.com','Y','N','2015-06-24 18:39:58','','M','0000-00-00','aneesh',NULL,'',1,0,'2015-06-24 19:47:12','','',NULL,NULL,'N',0,0,'Y',NULL,NULL,95,'3792923',0,'N','','N','N'),(231,'e10adc3949ba59abbe56e057f20f883e','bibin@hotel.com','Y','N','2015-06-24 19:54:15','','M','0000-00-00','bibin',NULL,'',1,0,'2015-06-26 09:46:27','','',NULL,NULL,'N',0,0,'Y',NULL,NULL,96,'3798505',0,'N',NULL,'N','N'),(232,'e10adc3949ba59abbe56e057f20f883e','jonathan@mail.com','Y','N','2015-06-24 21:18:34','','M','0000-00-00','Jonathan',NULL,'',1,0,NULL,'','',NULL,NULL,'N',0,0,'Y',NULL,NULL,97,'3799533',1,'N','','N','N'),(233,'e10adc3949ba59abbe56e057f20f883e','akashgupta@gmail.com','Y','N','2015-06-25 10:12:06','gupta','M','0000-00-00','akash',NULL,NULL,2,0,NULL,NULL,'',NULL,NULL,'N',0,0,'Y',NULL,NULL,NULL,NULL,0,'N',NULL,'N','Y'),(234,'e10adc3949ba59abbe56e057f20f883e','aakashgupta1@gmail.com','Y','N','2015-06-25 10:13:49','gupta','M','0000-00-00','aakash',NULL,NULL,2,0,NULL,NULL,'',NULL,NULL,'N',0,0,'Y',NULL,NULL,NULL,NULL,0,'N',NULL,'N','Y'),(235,'e10adc3949ba59abbe56e057f20f883e','haripr@newagesmb.com','Y','N','2015-06-25 04:09:58','ewrwer','M','0000-00-00','werwer',NULL,NULL,2,0,NULL,NULL,'',NULL,NULL,'N',0,0,'Y',NULL,NULL,NULL,NULL,0,'N',NULL,'N','Y'),(236,'e10adc3949ba59abbe56e057f20f883e','shaun@mail.com','Y','N','2015-06-25 16:13:16','test','M','0000-00-00','shaun',NULL,NULL,2,0,NULL,NULL,'',NULL,NULL,'N',0,1,'Y','2672114',NULL,NULL,NULL,0,'N',NULL,'Y','Y'),(237,'e10adc3949ba59abbe56e057f20f883e','hamish@mail.com','Y','N','2015-06-25 18:39:07','','M','0000-00-00','hamish',NULL,'',1,0,NULL,'','',NULL,NULL,'N',0,0,'Y',NULL,NULL,102,'3821629',0,'N','','N','N'),(238,'e10adc3949ba59abbe56e057f20f883e','chris@mail.com','Y','N','2015-06-26 14:47:28','','M','0000-00-00','Chris',NULL,'',1,0,'2015-06-26 14:48:37','','',NULL,NULL,'N',0,0,'Y',NULL,NULL,103,'3837445',0,'N','','N','N'),(239,'e10adc3949ba59abbe56e057f20f883e','sony@mail.com','Y','N','2015-06-26 15:02:41','','M','0000-00-00','Sony',NULL,'',1,0,'2015-06-26 15:21:42','','',NULL,NULL,'N',0,0,'Y',NULL,NULL,NULL,'3837654',0,'N','','N','N'),(240,'8ce8d0c45a609549f319e186c4716564','dda76dda@gmail.com','Y','N','2015-06-27 09:16:34','','M','0000-00-00','Davide',NULL,'',1,0,'2016-03-08 10:46:59','','','','','Y',1,0,'Y',NULL,'2015-06-27 09:31:43',104,'3851206',0,'Y','','N','N'),(241,'e10adc3949ba59abbe56e057f20f883e','nairobi@mail.com','Y','N','2015-06-30 02:41:29','test','M','0000-00-00','ken',NULL,NULL,2,0,NULL,NULL,'',NULL,NULL,'N',0,0,'Y',NULL,NULL,NULL,NULL,0,'N',NULL,'N','Y'),(242,'e10adc3949ba59abbe56e057f20f883e','adelaide@mail.com','Y','N','2015-06-30 03:00:53','test','M','0000-00-00','allen',NULL,NULL,2,0,NULL,NULL,'',NULL,NULL,'N',0,0,'Y',NULL,NULL,NULL,NULL,0,'N',NULL,'N','Y'),(243,'e10adc3949ba59abbe56e057f20f883e','sub@mail.com','Y','N','2015-07-01 17:51:41','','M','0000-00-00','sub',NULL,'',1,0,'2015-07-02 13:29:23','','',NULL,NULL,'N',0,0,'Y',NULL,NULL,160,'3929000',0,'N','','N','N'),(244,'e10adc3949ba59abbe56e057f20f883e','cusack@mail.com','Y','N','2015-07-02 18:41:06','','M','0000-00-00','cusack',NULL,'',1,0,'2015-07-02 18:43:22','','',NULL,NULL,'N',0,0,'Y',NULL,NULL,NULL,'3947865',0,'N','','N','N'),(245,'e10adc3949ba59abbe56e057f20f883e','vimal@mail.com','Y','N','2015-07-02 18:44:06','','M','0000-00-00','Vimal',NULL,'',1,0,'2015-07-02 18:45:26','','',NULL,NULL,'N',0,0,'Y',NULL,NULL,161,'3947924',0,'N',NULL,'N','N'),(246,'e10adc3949ba59abbe56e057f20f883e','joy@gg.com','Y','N','2015-07-02 18:46:49','','M','0000-00-00','joyal',NULL,'',1,0,NULL,'','',NULL,NULL,'N',0,0,'Y',NULL,NULL,NULL,'3947984',0,'N','','N','N'),(247,'e10adc3949ba59abbe56e057f20f883e','vinu@hotal.com','Y','N','2015-07-02 18:47:25','','M','0000-00-00','Vinu',NULL,'',1,0,'2015-07-02 18:56:50','','',NULL,NULL,'N',0,0,'Y',NULL,NULL,NULL,'3947998',0,'N','','N','N'),(248,'e10adc3949ba59abbe56e057f20f883e','aton@gg.com','Y','N','2015-07-02 18:48:41','','M','0000-00-00','aton',NULL,'',1,0,NULL,'','',NULL,NULL,'N',0,0,'Y',NULL,NULL,NULL,'3948022',0,'N','','N','N'),(249,'e10adc3949ba59abbe56e057f20f883e','tom@hotel.com','Y','N','2015-07-02 18:57:17','','M','0000-00-00','Tom',NULL,'',1,0,'2015-07-02 21:15:53','','',NULL,NULL,'N',0,0,'Y',NULL,NULL,NULL,'3948212',0,'N','','N','N'),(250,'e10adc3949ba59abbe56e057f20f883e','alx@mail.com','Y','N','2015-07-02 18:57:35','','M','0000-00-00','alex',NULL,'',1,0,NULL,'','',NULL,NULL,'N',0,0,'Y',NULL,NULL,NULL,'3948224',0,'N','','N','N'),(251,'e10adc3949ba59abbe56e057f20f883e','sean@mail.com','Y','N','2015-07-02 19:01:34','','M','0000-00-00','sean',NULL,'',1,0,NULL,'','1435856900.jpg','','Testing\nTest bjh hgjk gjkj gjkfvfdh dfhj gjkfvfdh hbjjgcndxvbi','N',0,0,'Y',NULL,NULL,162,'3948312',0,'N','','N','N'),(252,'e10adc3949ba59abbe56e057f20f883e','se@m.com','Y','N','2015-07-02 19:04:21','','M','0000-00-00','seg',NULL,'',1,0,NULL,'','',NULL,NULL,'N',0,0,'Y',NULL,NULL,NULL,'3948374',0,'N','','N','N'),(253,'e10adc3949ba59abbe56e057f20f883e','hh@hh.cm','Y','N','2015-07-02 19:05:08','','M','0000-00-00','hhhhhh',NULL,'',1,0,NULL,'','1435856759.png','gcvvvjo','','N',0,0,'Y',NULL,NULL,NULL,'3948394',0,'N','','N','N'),(254,'e10adc3949ba59abbe56e057f20f883e','andy@mail.com','Y','N','2015-07-02 19:23:32','','M','0000-00-00','Andy',NULL,'',1,0,NULL,'','1435858073.jpg','','Testing testing\nTest test test','N',0,0,'Y',NULL,NULL,163,'3948778',0,'N','','N','N'),(255,'e10adc3949ba59abbe56e057f20f883e','greig@mail.com','Y','N','2015-07-02 19:31:07','','M','0000-00-00','greig ',NULL,'',1,0,NULL,'','1435858448.jpg','','Test \nTesting\nTest','N',0,0,'Y',NULL,NULL,164,'3948955',0,'N','','N','N'),(256,'e10adc3949ba59abbe56e057f20f883e','bos@mail.com','Y','N','2015-07-02 19:36:17','','M','0000-00-00','bos ',NULL,'',1,0,NULL,'','',NULL,NULL,'N',0,0,'Y',NULL,NULL,165,'3949060',0,'N','','N','N'),(257,'e10adc3949ba59abbe56e057f20f883e','stephan@mail.com','Y','N','2015-07-02 19:38:36','','M','0000-00-00','stephan',NULL,'',1,0,'2015-09-18 15:00:03','','1435860284.jpg','','tddg vhjk gjk\nfhjl bmmk','N',0,0,'Y',NULL,NULL,166,'3949111',0,'N','','N','N'),(258,'e10adc3949ba59abbe56e057f20f883e','kris@mail.com','Y','N','2015-07-02 19:43:02','','M','0000-00-00','kris',NULL,'',1,0,NULL,'','',NULL,NULL,'N',0,0,'Y',NULL,NULL,167,'3949201',0,'N','','N','N'),(259,'e10adc3949ba59abbe56e057f20f883e','novac@mail.com','Y','N','2015-07-02 20:19:37','','M','0000-00-00','Novac',NULL,'',1,0,NULL,'','1435861247.jpg','','Description','N',0,0,'Y',NULL,NULL,168,'3949882',0,'N','','N','N'),(260,'e10adc3949ba59abbe56e057f20f883e','henry@mail.com','Y','N','2015-07-02 20:27:46','','M','0000-00-00','henry',NULL,'',1,0,'2015-07-02 21:49:46','','1435861784.jpg','testing','Description','N',0,0,'Y',NULL,NULL,169,'3950057',0,'N',NULL,'N','N'),(261,'e10adc3949ba59abbe56e057f20f883e','gary@mail.com','Y','N','2015-07-03 13:23:30','','M','0000-00-00','gary',NULL,'',1,0,NULL,'','',NULL,NULL,'N',0,0,'Y',NULL,NULL,170,'3967102',0,'N','','N','N'),(262,'e10adc3949ba59abbe56e057f20f883e','hinn@mail.com','Y','N','2015-07-03 01:26:07','newage','M','0000-00-00','Tester',NULL,NULL,2,0,NULL,NULL,'',NULL,NULL,'N',0,0,'Y',NULL,NULL,NULL,NULL,0,'N',NULL,'N','Y'),(263,'e10adc3949ba59abbe56e057f20f883e','ric@mail.com','Y','N','2015-07-03 18:19:00','','M','0000-00-00','Ric',NULL,'',1,0,NULL,'','',NULL,NULL,'N',0,0,'Y',NULL,NULL,173,'3972295',0,'N','','N','N'),(264,'e10adc3949ba59abbe56e057f20f883e','ligin@mail.com','Y','N','2015-07-06 18:12:28','','M','0000-00-00','ligin',NULL,'',1,0,'2015-07-06 18:29:25','','1436199526.jpg','nice place to stay','Test\nTesting','N',0,0,'Y',NULL,NULL,176,'4031435',0,'N','','N','N'),(265,'c06db68e819be6ec3d26c6038d8e8d1f','galena_iv@abv.bg','Y','N','2015-07-07 11:27:37','iva','M','0000-00-00','gale',NULL,NULL,2,0,NULL,NULL,'',NULL,NULL,'N',0,0,'Y',NULL,NULL,NULL,NULL,0,'N',NULL,'N','Y'),(266,'ca3852e292472dcbaf17c15258076198','asker@newagesmb.com','Y','N','2015-07-07 16:46:24','','M','0000-00-00','asker',NULL,'',1,0,'2015-07-07 16:51:05','','',NULL,NULL,'N',0,0,'Y',NULL,NULL,NULL,'4047777',0,'N','','N','N'),(267,'e10adc3949ba59abbe56e057f20f883e','garden@mail.com','Y','N','2015-07-07 05:01:19','test','M','0000-00-00','dan',NULL,NULL,2,0,NULL,NULL,'',NULL,NULL,'N',0,1,'Y','2679186',NULL,NULL,NULL,0,'N',NULL,'N','Y'),(268,'e10adc3949ba59abbe56e057f20f883e','mahesh1@newagesmb.com','Y','N','2015-07-09 02:00:39','mahesh','M','0000-00-00','mahesh',NULL,NULL,2,0,NULL,NULL,'',NULL,NULL,'N',0,0,'Y',NULL,NULL,NULL,NULL,0,'N',NULL,'N','Y'),(269,'e238f9466a02555328742972c9f5b73c','Andrea.Sisti@smcitalia.ei','Y','N','2015-07-09 15:03:48','','M','0000-00-00','Andrea Sisti ',NULL,'',1,0,NULL,'','',NULL,NULL,'N',0,0,'Y',NULL,NULL,NULL,'4083852',0,'N','','N','N'),(270,'e238f9466a02555328742972c9f5b73c','Andrea.Sisti@smcitalia.eu','Y','N','2015-07-10 01:15:11','','M','0000-00-00','Andrea ',NULL,'',1,0,NULL,'','',NULL,NULL,'N',0,0,'Y',NULL,NULL,NULL,'4092140',0,'N','','N','N'),(271,'e10adc3949ba59abbe56e057f20f883e','paul@mail.com','Y','N','2015-07-10 08:31:46','rick','M','0000-00-00','Paul',NULL,NULL,2,0,NULL,NULL,'',NULL,NULL,'N',0,0,'Y',NULL,NULL,NULL,NULL,0,'N',NULL,'N','Y'),(272,'e10adc3949ba59abbe56e057f20f883e','don@mail.com','Y','N','2015-07-10 08:35:11','test','M','0000-00-00','don',NULL,NULL,2,0,NULL,NULL,'',NULL,NULL,'N',0,0,'Y',NULL,NULL,NULL,NULL,0,'N',NULL,'N','Y'),(273,'e10adc3949ba59abbe56e057f20f883e','hhh@mail.com','Y','Y','2015-07-10 08:37:25','sadas','M','0000-00-00','asdsda',NULL,NULL,2,0,NULL,NULL,'',NULL,NULL,'N',0,0,'Y',NULL,NULL,NULL,NULL,0,'N',NULL,'N','Y'),(274,'712e1a72fbc62f3d28c4e1943cba563f','ericaelizabethh@gmail.com','Y','N','2015-09-08 10:01:58','','M','0000-00-00','Erica',NULL,'',1,0,'2015-09-09 06:10:58','abf81160ef41a74e925717840a484120d610161b5679c3a38d0d63839207f523','',NULL,NULL,'N',0,0,'Y',NULL,NULL,NULL,'5250956',0,'N',NULL,'N','N'),(275,'94b8cea57c49a3007225a0c70c475450','vhgh@hjhn.hff','Y','Y','2015-09-08 17:14:36','','M','0000-00-00','bvvbb',NULL,'',1,0,NULL,'893945b499d5971644f9c509378020f0feb7c98b17357999196399b4ed64a68e','',NULL,NULL,'N',0,0,'Y',NULL,NULL,NULL,'5257966',0,'N',NULL,'N','N'),(276,'725e61955f81c34c51ab517399746963','daniela.propel@gmail.com','Y','N','2015-09-24 15:32:24','','M','0000-00-00','daniela',NULL,'',1,0,'2015-09-25 20:09:58','','',NULL,NULL,'Y',1,0,'Y',NULL,'2015-09-24 15:35:14',NULL,'5581953',0,'Y','','N','N'),(277,'65348606bf9e745cd112f196db21a5a4','thebrandenco@gmail.com','Y','N','2015-10-10 22:27:11','','M','0000-00-00','Katie Virant',NULL,'',1,0,'2015-10-13 18:41:58','','',NULL,NULL,'Y',1,0,'Y',NULL,'2015-10-13 18:47:34',213,'5922638',0,'N',NULL,'N','N'),(278,'79bc0780d2c23c6d345c5c2e1c28391c','lucas2d44@gmail.com','Y','N','2015-10-26 06:08:05','','M','0000-00-00','Bradley',NULL,NULL,2,0,NULL,NULL,'',NULL,NULL,'N',0,0,'Y',NULL,NULL,NULL,NULL,0,'N',NULL,'N','N'),(279,'13ad9c979f108b053af11372615e4672','avijitarya@internetmoguls.com','Y','N','2015-11-08 00:50:05','','M','0000-00-00','avijitarya',NULL,'',1,0,NULL,'','',NULL,NULL,'N',0,0,'Y',NULL,NULL,NULL,'6699993',0,'N',NULL,'N','N'),(280,'cc91ecbcaa8e785d39c5eec15f5dfc53','hoangpn86@gmail.com','Y','N','2015-11-16 06:17:51','','M','0000-00-00','Hoang',NULL,'',1,0,NULL,'35447fea09f5fd2c048edc94f80fa30a090cf3a86f09472ed656f78209781845','',NULL,NULL,'N',0,0,'Y',NULL,NULL,NULL,'6897437',0,'N',NULL,'N','N'),(281,'cea3fee2dbc724d400a18db494653435','nicolas.ludin@gmail.com','Y','N','2015-11-25 12:33:55','','M','0000-00-00','Nicolas',NULL,'',1,0,'2015-11-25 12:36:38','828dd59671c6afd4129f1d92a683803f2f298e30fae266d497fd3948094f864d','',NULL,NULL,'N',1,0,'Y',NULL,'2015-11-25 12:36:55',NULL,'7104035',0,'N',NULL,'N','N'),(282,'bb6e81b5ed56552418feb514b6791881','mehran_t2004@yahoo.com','Y','N','2015-11-30 04:41:59','','M','0000-00-00','meht',NULL,'',1,0,'2015-11-30 04:45:38','51b31ad8f5b8d73de2aa614b631e16b682de6846a8548f068486970a2169936b','',NULL,NULL,'N',0,0,'Y',NULL,'2015-11-30 04:45:45',NULL,'7194048',0,'Y',NULL,'N','N'),(283,'31e71e97bbb90c9b4f66960dc1ba4843','test.inhotel@gmail.com','Y','Y','2015-12-05 10:43:54','ivanova','M','0000-00-00','galena',NULL,NULL,2,0,NULL,NULL,'',NULL,NULL,'N',0,0,'Y',NULL,NULL,NULL,NULL,0,'N',NULL,'N','Y'),(284,'31e71e97bbb90c9b4f66960dc1ba4843','test.inhotel@gmail.com','Y','Y','2015-12-05 10:43:54','ivanova','M','0000-00-00','galena',NULL,NULL,2,0,NULL,NULL,'',NULL,NULL,'N',0,0,'Y',NULL,NULL,NULL,NULL,0,'N',NULL,'N','N'),(285,'d45ea745c74240d50eb47d6930f98e2e','mark357177@hotmail.com','Y','Y','2016-01-30 12:17:59','','M','0000-00-00','Mark',NULL,NULL,2,0,NULL,NULL,'',NULL,NULL,'N',0,0,'Y',NULL,NULL,NULL,NULL,0,'N',NULL,'N','N'),(286,'31e7ab2fd94ea1786d5cd833a4231722','mark357177@hotmail.com','Y','Y','2016-02-01 10:23:27','','M','0000-00-00','Mark',NULL,NULL,2,0,NULL,NULL,'',NULL,NULL,'N',0,0,'Y',NULL,NULL,NULL,NULL,0,'N',NULL,'N','N'),(287,'5a01086a93fd73aadfdcdbe9b843508b','mark357177@hotmail.com','Y','Y','2016-02-02 08:10:50','','M','0000-00-00','Mark',NULL,NULL,2,0,NULL,NULL,'',NULL,NULL,'N',0,0,'Y',NULL,NULL,NULL,NULL,0,'N',NULL,'N','N'),(288,'22b49d4b5b2ff92da62749cbee2e3a2a','dr.srinivasmareddy82@gmail.com','Y','N','2016-02-08 20:31:10','','M','0000-00-00','Aswani srinivas mareddy',NULL,'',1,0,NULL,'(null)','',NULL,NULL,'N',0,0,'Y',NULL,NULL,NULL,'9010809',0,'N',NULL,'N','N'),(289,'6817f4dce2b19402a4f6a8456fbcc4da','sergi.sitges@yahoo.es','Y','N','2016-02-21 06:33:31','sitges','M','0000-00-00','sergi',NULL,NULL,2,0,NULL,NULL,'',NULL,NULL,'N',0,0,'Y',NULL,NULL,NULL,NULL,0,'N',NULL,'N','Y'),(290,'e78c7b4865a931bb2f351580ad4a3ec4','aukro@mujmail.cz','Y','N','2016-03-01 19:37:20','','M','0000-00-00','jose',NULL,'',1,0,NULL,'(null)','',NULL,NULL,'N',0,0,'Y',NULL,'2016-03-01 19:40:42',NULL,'10420022',0,'N',NULL,'N','N'),(291,'34fd8e91285f41ea23b55a639304e620','luciamibe@hotmail.es','Y','N','2016-03-02 15:53:59','','M','0000-00-00','Lucia',NULL,'',1,0,NULL,'0bbe0b181274ad872463eeb3994f31e64ff844c6f129185b03db1b9b1b00979e','',NULL,NULL,'N',1,0,'Y',NULL,'2016-03-02 15:55:29',NULL,'10441641',0,'N',NULL,'N','N'),(292,'25d55ad283aa400af464c76d713c07ad','alexlam@royalview.com.hk','Y','N','2016-03-03 04:31:41','','M','0000-00-00','Alex Lam',NULL,'',1,0,NULL,'3f068b97154615c8eec468741963f953b635a422d1993778e345c0752f6e9fd6','',NULL,NULL,'N',0,0,'Y',NULL,NULL,NULL,'10466672',0,'N',NULL,'N','N'),(293,'b676af4f917fb0e94cdb26cb669e52e1','rdm@balimandira.com','Y','N','2016-03-03 04:50:48','Sunatha','M','0000-00-00','Wayan ',NULL,NULL,2,0,NULL,NULL,'',NULL,NULL,'N',0,0,'Y',NULL,NULL,NULL,NULL,0,'N',NULL,'N','Y'),(294,'bdaa54d412182a856dc50961a0b57396','g.ivanova@inhotel-app.com','Y','Y','2016-03-03 07:23:25','ivanova','M','0000-00-00','gale',NULL,NULL,2,0,NULL,NULL,'',NULL,NULL,'N',0,0,'Y',NULL,NULL,NULL,NULL,0,'N',NULL,'N','N'),(295,'7d8c6278ac4b2df79c6e19b69a7b2fcc','zhangshunguanli@hotmail.com','Y','N','2016-03-04 02:01:16','','M','0000-00-00','zhangshun',NULL,'',1,0,'2016-03-10 06:30:10','e776622a5c2be17e9c164c6a900d204ee315dc084e930202dbbc4854a7e8d25b','',NULL,NULL,'N',0,0,'Y',NULL,NULL,NULL,'10490945',0,'N',NULL,'N','N'),(296,'ea8a2314a0bb6d3091f66e4593ac941c','christopher.yuen@ramada-dayshotelssingapore.com','Y','N','2016-03-04 04:14:54','Yuen','M','0000-00-00','Christopher',NULL,NULL,2,0,NULL,NULL,'',NULL,NULL,'N',0,0,'Y',NULL,NULL,NULL,NULL,0,'N',NULL,'N','Y'),(297,'ae2e109e38a3ce8e2980dd0524c38134','xyzdolphin@gmail.com','Y','N','2016-03-04 04:30:12','','M','0000-00-00','Chris',NULL,'',1,0,NULL,'','',NULL,NULL,'Y',0,0,'Y',NULL,'2016-03-04 04:31:11',NULL,'10493233',0,'Y','','N','N'),(298,'c52158adde9162df85713beae4db97f6','biuro@housewd.com','Y','N','2016-03-04 06:32:59','','M','0000-00-00','wojtek',NULL,'',1,0,'2016-03-04 22:27:39','','',NULL,NULL,'N',0,0,'Y',NULL,NULL,NULL,'10495031',0,'N','','N','N'),(299,'bdaa54d412182a856dc50961a0b57396','info@inhotel-app.com','Y','Y','2016-03-04 08:17:54','galena','M','0000-00-00','galena',NULL,NULL,2,0,NULL,NULL,'',NULL,NULL,'N',0,0,'Y',NULL,NULL,NULL,NULL,0,'N',NULL,'N','Y'),(300,'81d91803d5280059edab978e7f7af6eb','naveen@mclarenshotels.lk','Y','N','2016-03-05 07:33:48','Wickramasingha','M','0000-00-00','Naveen',NULL,NULL,2,0,NULL,NULL,'',NULL,NULL,'N',0,0,'Y',NULL,NULL,NULL,NULL,0,'N',NULL,'N','N'),(301,'e10adc3949ba59abbe56e057f20f883e','laya@newagesmb.com','Y','N','2016-03-08 09:58:36','test','M','0000-00-00','laya',NULL,NULL,2,0,NULL,NULL,'',NULL,NULL,'N',0,0,'Y',NULL,NULL,NULL,NULL,0,'N',NULL,'N','Y'),(302,'c06db68e819be6ec3d26c6038d8e8d1f','arunc@newagesmb.com','Y','N','2016-03-08 10:08:47','C','M','0000-00-00','Arun',NULL,NULL,2,0,NULL,NULL,'',NULL,NULL,'N',0,0,'Y',NULL,NULL,NULL,NULL,0,'N',NULL,'N','Y'),(303,'8ce8d0c45a609549f319e186c4716564','davidedellacqua76@gmail.com','Y','N','2016-03-08 10:49:40','','M','0000-00-00','Davide',NULL,'',1,0,NULL,'','1457431020.png','','viaggio x incontrare nuove amiche.. ahahah\n\n\n','Y',1,0,'Y',NULL,'2016-03-08 10:56:16',215,'10645388',0,'Y','','N','N'),(304,'e10adc3949ba59abbe56e057f20f883e','dave@mm.com','Y','Y','2016-03-08 18:03:07','','M','0000-00-00','dave',NULL,'',1,0,'2016-03-08 18:21:44','','',NULL,NULL,'N',0,0,'Y',NULL,NULL,NULL,'10653361',0,'N','APA91bGQlhyzO0OcR9iEIXt5P62DtzSHcyXAk6GJ0-A0dqA3nNiSZA65_1lZ23w353Gv2eL7H5w8QFG5w0SWNkCyN2KHlQo65TwF3nHS0r3pGdZlDYgcvD0RMoakO5CPuG34rVQExEp7','N','N'),(305,'e10adc3949ba59abbe56e057f20f883e','ppp@mm.com','Y','Y','2016-03-08 18:10:45','','M','0000-00-00','ppp',NULL,'',1,0,'2016-03-09 11:09:26','','',NULL,NULL,'N',0,0,'Y',NULL,NULL,NULL,'10653508',0,'N','','N','N'),(306,'e10adc3949ba59abbe56e057f20f883e','ddd@mmm.com','Y','Y','2016-03-08 18:36:11','','M','0000-00-00','ddd',NULL,'',1,0,NULL,NULL,'',NULL,NULL,'N',0,0,'Y',NULL,NULL,NULL,'10653978',0,'N','','N','N'),(307,'9e8cce1b211bca92072d0f69197b75aa','emily.kong@whotels.com','Y','N','2016-03-09 11:34:48','','M','0000-00-00','Emily',NULL,'co',1,0,'2016-03-09 11:36:49','6f1ba7468b02fafa55169ce21c37c2722540318c8d9b372525dfc15eda88e646','',NULL,NULL,'N',0,0,'Y',NULL,'2016-03-09 11:38:57',NULL,'10670250',0,'N',NULL,'N','N'),(308,'0e7306c66cb3f8a7f8cb12399d70e29c','gl@studiogiuseppelepore.it','Y','N','2016-03-11 16:20:53','','M','0000-00-00','giuseppe',NULL,'',1,0,'2016-03-16 07:09:33','(null)','',NULL,NULL,'Y',1,0,'Y',NULL,'2016-03-11 16:38:57',216,'10744831',0,'N',NULL,'N','N'),(309,'83adbff2b62dd55a0ff3cee3f4b231ca','Kachmotors.indore@gmail.com','Y','N','2016-03-14 03:50:57','','M','0000-00-00','Puneet Gupta',NULL,'',1,0,'2016-03-15 11:21:58','(null)','',NULL,NULL,'N',0,0,'Y',NULL,NULL,NULL,'10804638',0,'N',NULL,'N','N'),(310,'338c23e8eafc19ec9236404deac0bef4','eti.rusmiati@padmahotels.com','Y','N','2016-03-16 03:24:56','Rusmiati','M','0000-00-00','Eti',NULL,NULL,2,0,NULL,NULL,'',NULL,NULL,'N',0,0,'Y',NULL,NULL,NULL,NULL,0,'N',NULL,'N','Y'),(311,'00898382eeeaaedef6413ecd3c15c98e','gr_sw@yahoo.com','Y','N','2016-03-16 04:20:11','','M','0000-00-00','Gerry',NULL,'',1,0,'2016-03-16 04:26:42','7dd81f4bb2a6987308cc558bf55ac5d8e40d445406f98782299147627d7b1669','',NULL,NULL,'N',0,0,'Y',NULL,NULL,NULL,'10880958',0,'N',NULL,'N','N');
/*!40000 ALTER TABLE `in_member_master` ENABLE KEYS */;
UNLOCK TABLES;

--
-- Table structure for table `in_member_type`
--

DROP TABLE IF EXISTS `in_member_type`;
/*!40101 SET @saved_cs_client     = @@character_set_client */;
/*!40101 SET character_set_client = utf8 */;
CREATE TABLE `in_member_type` (
  `type_id` bigint(10) NOT NULL AUTO_INCREMENT,
  `member_types` varchar(100) COLLATE utf8_unicode_ci NOT NULL,
  PRIMARY KEY (`type_id`),
  KEY `member_types` (`member_types`)
) ENGINE=InnoDB AUTO_INCREMENT=4 DEFAULT CHARSET=utf8 COLLATE=utf8_unicode_ci;
/*!40101 SET character_set_client = @saved_cs_client */;

--
-- Dumping data for table `in_member_type`
--

LOCK TABLES `in_member_type` WRITE;
/*!40000 ALTER TABLE `in_member_type` DISABLE KEYS */;
INSERT INTO `in_member_type` VALUES (2,'Hotel'),(3,'Hotel Staff'),(1,'Normal User');
/*!40000 ALTER TABLE `in_member_type` ENABLE KEYS */;
UNLOCK TABLES;

--
-- Table structure for table `map_access_vecancy`
--

DROP TABLE IF EXISTS `map_access_vecancy`;
/*!40101 SET @saved_cs_client     = @@character_set_client */;
/*!40101 SET character_set_client = utf8 */;
CREATE TABLE `map_access_vecancy` (
  `id` int(11) NOT NULL AUTO_INCREMENT,
  `access_id` int(11) DEFAULT NULL,
  `vecancy_id` int(11) DEFAULT NULL,
  `date_time` datetime DEFAULT NULL,
  PRIMARY KEY (`id`),
  KEY `access_id` (`access_id`),
  KEY `vecancy_id` (`vecancy_id`),
  KEY `date_time` (`date_time`)
) ENGINE=InnoDB AUTO_INCREMENT=634 DEFAULT CHARSET=latin1;
/*!40101 SET character_set_client = @saved_cs_client */;

--
-- Dumping data for table `map_access_vecancy`
--

LOCK TABLES `map_access_vecancy` WRITE;
/*!40000 ALTER TABLE `map_access_vecancy` DISABLE KEYS */;
INSERT INTO `map_access_vecancy` VALUES (325,23,1,'2015-05-15 13:40:51'),(326,23,2,'2015-05-15 13:40:51'),(350,42,0,'2015-05-22 15:14:40'),(352,43,0,'2015-05-22 15:15:03'),(353,43,0,'2015-05-22 15:15:03'),(354,43,1,'2015-05-22 15:15:03'),(355,43,2,'2015-05-22 15:15:03'),(356,48,0,'2015-05-25 10:44:16'),(357,49,0,'2015-05-25 11:50:24'),(365,15,1,'2015-05-26 12:47:37'),(366,15,2,'2015-05-26 12:47:37'),(367,15,3,'2015-05-26 12:47:37'),(368,15,4,'2015-05-26 12:47:37'),(376,22,3,'2015-06-01 13:00:38'),(377,21,2,'2015-06-01 13:02:24'),(378,21,1,'2015-06-01 13:02:24'),(379,21,6,'2015-06-01 13:02:24'),(380,21,5,'2015-06-01 13:02:24'),(383,56,1,'2015-06-02 09:39:22'),(384,56,2,'2015-06-02 09:39:22'),(401,64,1,'2015-06-03 11:08:56'),(402,64,2,'2015-06-03 11:08:56'),(405,68,1,'2015-06-03 12:50:15'),(406,68,2,'2015-06-03 12:50:15'),(407,68,3,'2015-06-03 12:50:15'),(414,69,1,'2015-06-03 15:28:22'),(415,69,2,'2015-06-03 15:28:22'),(416,69,3,'2015-06-03 15:28:22'),(441,29,1,'2015-06-04 07:33:24'),(442,29,2,'2015-06-04 07:33:25'),(443,29,3,'2015-06-04 07:33:25'),(445,72,0,'2015-06-04 12:25:24'),(446,67,0,'2015-06-04 13:46:59'),(448,74,0,'2015-06-08 15:51:25'),(449,74,1,'2015-06-08 15:51:25'),(450,74,2,'2015-06-08 15:51:25'),(451,74,6,'2015-06-08 15:51:25'),(452,74,5,'2015-06-08 15:51:25'),(468,102,0,'2015-06-25 16:54:20'),(474,109,5,'2015-06-27 09:35:54'),(476,77,0,'2015-06-29 15:28:29'),(507,NULL,0,'2015-07-02 15:19:28'),(508,NULL,0,'2015-07-02 15:19:54'),(530,166,0,'2015-07-02 19:08:20'),(531,166,0,'2015-07-02 19:08:20'),(532,166,2,'2015-07-02 19:08:20'),(533,166,1,'2015-07-02 19:08:20'),(534,166,3,'2015-07-02 19:08:20'),(535,166,4,'2015-07-02 19:08:20'),(536,166,5,'2015-07-02 19:08:20'),(538,167,0,'2015-07-02 19:27:53'),(539,167,1,'2015-07-02 19:27:53'),(540,167,2,'2015-07-02 19:27:53'),(541,167,3,'2015-07-02 19:27:53'),(542,167,5,'2015-07-02 19:27:53'),(543,167,6,'2015-07-02 19:27:53'),(552,168,0,'2015-07-02 19:34:28'),(559,170,0,'2015-07-02 20:04:44'),(560,172,1,'2015-07-02 20:20:47'),(561,172,2,'2015-07-02 20:20:47'),(562,172,3,'2015-07-02 20:20:47'),(563,172,4,'2015-07-02 20:20:47'),(564,172,5,'2015-07-02 20:20:47'),(565,172,6,'2015-07-02 20:20:47'),(566,155,1,'2015-07-02 20:21:31'),(567,155,2,'2015-07-02 20:21:31'),(568,155,3,'2015-07-02 20:21:31'),(569,155,4,'2015-07-02 20:21:31'),(570,155,5,'2015-07-02 20:21:31'),(571,155,6,'2015-07-02 20:21:31'),(573,173,0,'2015-07-02 20:29:44'),(574,173,1,'2015-07-02 20:29:44'),(575,173,2,'2015-07-02 20:29:44'),(576,173,4,'2015-07-02 20:29:44'),(577,173,5,'2015-07-02 20:29:44'),(578,173,6,'2015-07-02 20:29:44'),(579,158,0,'2015-07-02 21:22:46'),(582,178,0,'2015-07-06 18:18:46'),(583,178,0,'2015-07-06 18:18:46'),(584,178,1,'2015-07-06 18:18:46'),(585,178,2,'2015-07-06 18:18:46'),(586,178,3,'2015-07-06 18:18:46'),(587,178,4,'2015-07-06 18:18:46'),(588,178,5,'2015-07-06 18:18:46'),(589,178,6,'2015-07-06 18:18:46'),(590,1,5,'2015-07-28 18:14:09'),(591,1,6,'2015-07-28 18:14:09'),(598,194,0,'2015-08-13 00:14:20'),(604,197,0,'2015-08-13 19:19:58'),(605,197,0,'2015-08-13 19:19:58'),(606,197,2,'2015-08-13 19:19:58'),(607,197,4,'2015-08-13 19:19:58'),(627,199,0,'2015-10-04 22:35:01'),(632,205,2,'2016-03-08 11:06:11'),(633,205,4,'2016-03-08 11:06:11');
/*!40000 ALTER TABLE `map_access_vecancy` ENABLE KEYS */;
UNLOCK TABLES;

--
-- Table structure for table `map_hotel_zone`
--

DROP TABLE IF EXISTS `map_hotel_zone`;
/*!40101 SET @saved_cs_client     = @@character_set_client */;
/*!40101 SET character_set_client = utf8 */;
CREATE TABLE `map_hotel_zone` (
  `id` int(11) NOT NULL AUTO_INCREMENT,
  `hotel_id` int(11) DEFAULT NULL,
  `zone_id` int(11) DEFAULT NULL,
  PRIMARY KEY (`id`),
  KEY `hotel_id` (`hotel_id`),
  KEY `zone_id` (`zone_id`)
) ENGINE=InnoDB AUTO_INCREMENT=322 DEFAULT CHARSET=latin1;
/*!40101 SET character_set_client = @saved_cs_client */;

--
-- Dumping data for table `map_hotel_zone`
--

LOCK TABLES `map_hotel_zone` WRITE;
/*!40000 ALTER TABLE `map_hotel_zone` DISABLE KEYS */;
INSERT INTO `map_hotel_zone` VALUES (2,2,1),(3,5,1),(6,10,1),(7,21,1),(9,22,1),(10,23,1),(11,24,1),(12,25,1),(17,26,1),(18,26,2),(19,26,3),(20,26,4),(21,26,5),(22,26,6),(41,29,1),(42,30,1),(43,31,1),(44,33,1),(51,38,1),(52,38,4),(53,38,5),(54,38,6),(82,39,1),(83,39,2),(84,39,3),(85,39,4),(101,40,1),(102,40,2),(103,40,3),(104,40,4),(109,48,1),(110,48,2),(111,48,3),(112,48,4),(129,48,1),(130,48,2),(131,48,3),(132,48,4),(137,52,1),(138,52,2),(139,52,3),(140,52,4),(141,53,1),(142,53,2),(143,53,3),(144,53,4),(149,54,1),(150,54,2),(151,54,3),(152,54,4),(153,55,1),(154,55,2),(155,55,3),(156,55,4),(158,1,1),(159,1,2),(160,1,3),(161,1,4),(186,49,1),(187,49,2),(188,49,3),(189,49,4),(200,56,1),(201,56,2),(202,56,3),(203,56,4),(215,57,1),(216,57,2),(217,57,3),(218,57,4),(219,27,1),(220,27,2),(221,27,3),(222,27,4),(223,58,1),(224,58,2),(225,58,3),(226,58,4),(227,59,1),(228,59,2),(229,59,3),(230,59,4),(231,60,1),(232,60,2),(233,60,3),(234,60,4),(235,61,1),(236,61,2),(237,61,3),(238,61,4),(239,62,1),(240,62,2),(241,62,3),(242,62,4),(243,63,1),(244,63,2),(245,63,3),(246,63,4),(247,64,1),(248,64,2),(249,64,3),(250,64,4),(251,65,1),(252,65,2),(253,65,3),(254,65,4),(255,66,1),(256,66,2),(257,66,3),(258,66,4),(259,67,1),(260,67,2),(261,67,3),(262,67,4),(263,68,1),(264,68,2),(265,68,3),(266,68,4),(267,69,1),(268,69,2),(269,69,3),(270,69,4),(271,70,1),(272,70,2),(273,70,3),(274,70,4),(275,71,1),(276,71,2),(277,71,3),(278,71,4),(279,72,1),(280,72,2),(281,72,3),(282,72,4),(287,73,1),(288,73,2),(289,73,3),(290,73,4),(291,74,1),(292,74,2),(293,74,3),(294,74,4),(299,75,1),(300,75,2),(301,75,3),(302,76,1),(303,76,2),(304,76,3),(305,76,4),(306,77,1),(307,77,2),(308,77,3),(309,77,4),(310,78,1),(311,78,2),(312,78,3),(313,78,4),(314,79,1),(315,79,2),(316,79,3),(317,79,4),(318,80,1),(319,80,2),(320,80,3),(321,80,4);
/*!40000 ALTER TABLE `map_hotel_zone` ENABLE KEYS */;
UNLOCK TABLES;

--
-- Table structure for table `member_blocked_list`
--

DROP TABLE IF EXISTS `member_blocked_list`;
/*!40101 SET @saved_cs_client     = @@character_set_client */;
/*!40101 SET character_set_client = utf8 */;
CREATE TABLE `member_blocked_list` (
  `id` int(11) NOT NULL AUTO_INCREMENT,
  `user_id` int(11) DEFAULT NULL,
  `blocked_profile_id` int(11) DEFAULT NULL,
  `date_time` datetime DEFAULT NULL,
  PRIMARY KEY (`id`),
  KEY `user_id` (`user_id`),
  KEY `blocked_profile_id` (`blocked_profile_id`),
  KEY `date_time` (`date_time`)
) ENGINE=InnoDB AUTO_INCREMENT=48 DEFAULT CHARSET=latin1;
/*!40101 SET character_set_client = @saved_cs_client */;

--
-- Dumping data for table `member_blocked_list`
--

LOCK TABLES `member_blocked_list` WRITE;
/*!40000 ALTER TABLE `member_blocked_list` DISABLE KEYS */;
INSERT INTO `member_blocked_list` VALUES (1,90,93,NULL),(2,113,99,'2015-05-12 06:55:53'),(7,99,108,'2015-05-21 12:19:47'),(11,131,124,'2015-05-22 11:03:01'),(19,109,99,'2015-05-26 12:17:22'),(23,165,99,'2015-05-27 08:53:27'),(36,191,192,'2015-06-08 16:00:10'),(37,191,4,'2015-06-08 16:00:30'),(38,191,190,'2015-06-08 16:00:49'),(39,191,185,'2015-06-08 16:01:04'),(40,191,189,'2015-06-08 16:01:28'),(43,90,5,'2015-07-28 18:12:28'),(45,196,185,'2015-09-04 05:40:00'),(46,63,191,'2015-10-01 12:17:49');
/*!40000 ALTER TABLE `member_blocked_list` ENABLE KEYS */;
UNLOCK TABLES;

--
-- Table structure for table `membership_packages`
--

DROP TABLE IF EXISTS `membership_packages`;
/*!40101 SET @saved_cs_client     = @@character_set_client */;
/*!40101 SET character_set_client = utf8 */;
CREATE TABLE `membership_packages` (
  `package_id` int(11) NOT NULL AUTO_INCREMENT,
  `title` varchar(255) DEFAULT NULL,
  `description` text,
  `price` float(10,2) DEFAULT NULL,
  `duration` int(11) DEFAULT NULL,
  `duration_type` enum('D','M','Y') DEFAULT 'D',
  `active` enum('Y','N') DEFAULT 'Y',
  PRIMARY KEY (`package_id`),
  KEY `active` (`active`),
  KEY `price` (`price`),
  KEY `duration` (`duration`),
  KEY `duration_type` (`duration_type`),
  KEY `title` (`title`)
) ENGINE=InnoDB AUTO_INCREMENT=2 DEFAULT CHARSET=latin1;
/*!40101 SET character_set_client = @saved_cs_client */;

--
-- Dumping data for table `membership_packages`
--

LOCK TABLES `membership_packages` WRITE;
/*!40000 ALTER TABLE `membership_packages` DISABLE KEYS */;
INSERT INTO `membership_packages` VALUES (1,'package','package',100.00,1,'M','Y');
/*!40000 ALTER TABLE `membership_packages` ENABLE KEYS */;
UNLOCK TABLES;

--
-- Table structure for table `notify_order`
--

DROP TABLE IF EXISTS `notify_order`;
/*!40101 SET @saved_cs_client     = @@character_set_client */;
/*!40101 SET character_set_client = utf8 */;
CREATE TABLE `notify_order` (
  `from_user` int(11) DEFAULT NULL,
  `to_user` int(11) DEFAULT NULL,
  `from_room` varchar(50) DEFAULT NULL,
  `to_room` varchar(50) DEFAULT NULL,
  `total_price` float(10,0) DEFAULT NULL,
  `quantity` varchar(50) DEFAULT NULL,
  `id` int(11) NOT NULL AUTO_INCREMENT,
  `date_time` datetime DEFAULT NULL,
  `hotel_id` int(11) DEFAULT NULL,
  `drinks_id` int(11) DEFAULT NULL,
  PRIMARY KEY (`id`)
) ENGINE=InnoDB AUTO_INCREMENT=168 DEFAULT CHARSET=latin1;
/*!40101 SET character_set_client = @saved_cs_client */;

--
-- Dumping data for table `notify_order`
--

LOCK TABLES `notify_order` WRITE;
/*!40000 ALTER TABLE `notify_order` DISABLE KEYS */;
INSERT INTO `notify_order` VALUES (93,90,NULL,NULL,34,'1',2,'2015-04-30 23:53:25',NULL,NULL),(90,90,NULL,NULL,11,'1',3,'2015-05-02 10:51:27',1,89),(90,90,NULL,NULL,11,'1',4,'2015-05-02 10:51:30',1,89),(90,90,NULL,NULL,11,'1',5,'2015-05-02 10:51:33',1,89),(90,63,NULL,NULL,11,'1',6,'2015-05-03 11:28:53',1,88),(90,63,NULL,NULL,20,'1',7,'2015-05-03 11:46:07',1,1),(90,63,NULL,NULL,20,'1',8,'2015-05-03 11:46:08',1,1),(99,98,NULL,NULL,20,'1',9,'2015-05-04 10:35:40',27,107),(99,98,NULL,NULL,20,'1',10,'2015-05-04 10:35:44',27,107),(99,98,NULL,NULL,20,'1',11,'2015-05-04 10:35:45',27,107),(99,98,NULL,NULL,20,'1',12,'2015-05-04 10:35:45',27,107),(99,98,NULL,NULL,20,'1',13,'2015-05-04 10:36:43',27,107),(99,98,NULL,NULL,20,'1',14,'2015-05-04 10:36:46',27,107),(99,98,NULL,NULL,20,'1',15,'2015-05-04 10:36:48',27,107),(99,98,NULL,NULL,20,'1',16,'2015-05-04 10:36:49',27,107),(99,98,NULL,NULL,20,'1',17,'2015-05-04 10:37:39',27,107),(99,98,NULL,NULL,20,'1',18,'2015-05-04 10:37:39',27,107),(98,99,NULL,NULL,20,'1',19,'2015-05-04 10:37:45',27,103),(98,99,NULL,NULL,20,'1',20,'2015-05-04 10:37:46',27,103),(98,99,NULL,NULL,20,'1',21,'2015-05-04 10:37:46',27,103),(98,99,NULL,NULL,20,'1',22,'2015-05-04 10:37:46',27,103),(98,99,NULL,NULL,20,'1',23,'2015-05-04 10:37:49',27,103),(98,99,NULL,NULL,20,'1',24,'2015-05-04 10:37:50',27,103),(98,99,NULL,NULL,20,'1',25,'2015-05-04 10:37:50',27,103),(98,99,'','',20,'1',26,'2015-05-04 15:01:08',27,103),(98,99,'','',20,'1',27,'2015-05-04 15:01:09',27,103),(98,99,'','',40,'1',28,'2015-05-05 07:52:16',27,105),(98,99,'','',40,'1',29,'2015-05-05 07:52:17',27,105),(98,99,'','',40,'1',30,'2015-05-05 07:52:18',27,105),(98,99,'','',40,'1',31,'2015-05-05 07:52:22',27,105),(98,99,'','',40,'1',32,'2015-05-05 07:52:26',27,105),(98,99,'','',40,'1',33,'2015-05-05 07:52:27',27,105),(98,99,'','',40,'1',34,'2015-05-05 07:52:28',27,105),(98,99,'','',20,'1',35,'2015-05-05 07:56:35',27,107),(116,117,'100','200',10,'1',36,'2015-05-12 10:22:38',40,108),(117,116,'200','100',10,'1',37,'2015-05-12 10:23:45',40,108),(117,116,'200','100',10,'1',38,'2015-05-12 10:23:50',40,108),(56,78,NULL,NULL,30,'1',39,'2015-05-20 15:21:17',27,104),(5,4,'114','113',11,'1',40,'2015-05-20 16:02:11',1,89),(4,5,'113','114',11,'1',41,'2015-05-21 06:23:49',1,89),(4,5,'113','114',11,'1',42,'2015-05-21 06:24:11',1,89),(4,5,'113','114',11,'1',43,'2015-05-21 06:25:12',1,89),(5,4,'114','113',34,'1',44,'2015-05-21 06:30:11',1,90),(4,5,'113','114',11,'1',45,'2015-05-21 06:36:06',1,88),(98,99,'301','401',20,'1',46,'2015-05-21 10:55:41',27,103),(99,98,'401','301',20,'1',47,'2015-05-21 11:08:43',27,103),(99,98,'401','301',20,'1',48,'2015-05-21 11:08:44',27,103),(99,98,'401','301',30,'1',49,'2015-05-21 11:08:48',27,104),(98,99,'301','401',10,'1',50,'2015-05-21 11:10:12',27,106),(99,98,'401','301',10,'1',51,'2015-05-21 11:11:00',27,106),(98,99,'301','401',20,'1',52,'2015-05-21 11:11:25',27,103),(113,109,'','',20,'1',53,'2015-05-21 12:26:06',27,103),(113,109,'','',20,'1',54,'2015-05-21 12:38:27',27,103),(113,109,'','',30,'1',55,'2015-05-21 12:38:52',27,104),(113,109,'','',40,'1',56,'2015-05-21 13:05:12',27,105),(113,109,'','',40,'1',57,'2015-05-21 13:42:00',27,105),(NULL,NULL,NULL,NULL,0,NULL,58,'2015-05-21 14:17:23',NULL,NULL),(NULL,NULL,NULL,NULL,0,NULL,59,'2015-05-21 14:17:31',NULL,NULL),(NULL,NULL,NULL,NULL,0,NULL,60,'2015-05-21 14:24:58',NULL,NULL),(NULL,NULL,NULL,NULL,0,NULL,61,'2015-05-21 14:40:13',NULL,NULL),(113,109,'','',20,'1',62,'2015-05-21 14:41:51',27,107),(113,109,'','',20,'1',63,'2015-05-21 14:41:54',27,103),(98,99,'301','401',20,'1',64,'2015-05-21 14:53:04',27,103),(98,99,'301','401',20,'1',65,'2015-05-21 14:53:05',27,103),(98,99,'301','401',20,'1',66,'2015-05-21 14:54:27',27,107),(98,124,'301','600',20,'1',67,'2015-05-22 08:36:23',27,107),(5,4,'114','113',34,'1',68,'2015-05-22 09:58:32',1,90),(5,4,'114','113',11,'1',69,'2015-05-22 10:03:09',1,89),(138,137,'199','99',20,'1',70,'2015-05-22 14:28:32',27,103),(109,113,'','',10,'1',71,'2015-05-22 14:43:27',27,106),(138,137,'199','99',20,'1',72,'2015-05-22 15:09:20',27,107),(142,141,'45','55',20,'1',73,'2015-05-22 16:03:16',27,107),(4,5,'113','114',11,'1',74,'2015-05-22 16:12:36',1,88),(4,5,'113','114',11,'1',75,'2015-05-22 16:20:29',1,88),(4,5,'113','114',11,'1',76,'2015-05-22 16:20:31',1,88),(4,5,'113','114',25,'1',77,'2015-05-22 16:21:41',1,2),(5,4,'114','113',20,'1',78,'2015-05-22 16:37:50',1,1),(157,156,'166','66',20,'1',79,'2015-05-25 15:21:00',27,103),(113,109,'','',10,'1',80,'2015-05-26 05:26:38',27,106),(113,109,'','',10,'1',81,'2015-05-26 06:40:43',27,106),(113,109,'','',10,'1',82,'2015-05-26 06:42:38',27,106),(113,109,'','',10,'1',83,'2015-05-26 06:42:38',27,106),(113,109,'','',10,'1',84,'2015-05-26 06:48:17',27,106),(113,109,'','',10,'1',85,'2015-05-26 06:50:27',27,106),(113,109,'','',10,'1',86,'2015-05-26 06:51:09',27,106),(113,109,'','',10,'1',87,'2015-05-26 06:52:47',27,106),(113,109,'','',10,'1',88,'2015-05-26 06:53:11',27,106),(113,109,'','',10,'1',89,'2015-05-26 06:53:13',27,106),(113,109,'','',10,'1',90,'2015-05-26 06:53:14',27,106),(113,109,'','',10,'1',91,'2015-05-26 06:53:16',27,106),(113,109,'','',20,'1',92,'2015-05-26 06:55:07',27,107),(109,113,'','',30,'1',93,'2015-05-26 06:59:22',27,104),(109,113,'','',30,'1',94,'2015-05-26 07:01:38',27,104),(164,165,'299','399',10,'1',95,'2015-05-26 07:32:50',27,106),(164,165,'299','399',20,'1',96,'2015-05-26 09:22:08',27,107),(164,165,'299','399',20,'1',97,'2015-05-26 09:25:16',27,103),(165,164,'399','299',20,'1',98,'2015-05-26 12:49:25',27,107),(165,164,'399','299',10,'1',99,'2015-05-26 12:50:20',27,106),(165,164,'399','299',10,'1',100,'2015-05-26 12:50:24',27,106),(164,165,'299','399',20,'1',101,'2015-05-26 14:03:45',27,103),(164,165,'299','399',20,'1',102,'2015-05-26 14:16:11',27,103),(183,182,'499','399',34,'1',103,'2015-06-03 13:00:21',1,90),(189,190,'test','399',11,'1',104,'2015-06-04 09:55:14',1,89),(196,195,'20','10',34,'1',105,'2015-06-11 10:08:06',1,90),(196,195,'20','10',11,'1',106,'2015-06-11 10:09:12',1,89),(196,195,'20','10',34,'1',107,'2015-06-11 10:10:02',1,90),(195,196,'10','20',25,'1',108,'2015-06-11 10:10:57',1,2),(195,196,'10','20',20,'1',109,'2015-06-11 10:11:58',1,1),(196,195,'20','10',34,'1',110,'2015-06-11 12:09:27',1,90),(4,5,'113','114',20,'1',111,'2015-06-12 09:09:52',1,1),(4,5,'113','114',20,'1',112,'2015-06-12 09:12:22',1,1),(5,4,'114','113',25,'1',113,'2015-06-12 09:12:27',1,2),(5,4,'114','113',25,'1',114,'2015-06-12 09:12:28',1,2),(5,4,'114','113',25,'1',115,'2015-06-12 09:12:28',1,2),(5,4,'114','113',34,'1',116,'2015-06-12 10:00:21',1,90),(195,196,'10','20',34,'1',117,'2015-06-12 12:38:05',1,90),(196,195,'20','10',11,'1',118,'2015-06-12 13:58:42',1,89),(196,195,'20','10',34,'1',119,'2015-06-12 13:59:35',1,90),(196,195,'20','10',34,'1',120,'2015-06-12 14:11:32',1,90),(196,195,'20','10',20,'1',121,'2015-06-12 14:15:57',1,1),(196,195,'20','10',11,'1',122,'2015-06-12 14:21:02',1,88),(196,195,'20','10',34,'1',123,'2015-06-12 14:22:50',1,90),(196,195,'20','10',34,'1',124,'2015-06-12 14:24:21',1,90),(195,196,'10','20',34,'1',125,'2015-06-12 14:35:15',1,90),(196,195,'20','10',34,'1',126,'2015-06-12 14:36:19',1,90),(195,4,'10','113',34,'1',127,'2015-06-15 11:57:43',1,90),(196,188,'20','299',34,'1',128,'2015-06-22 11:47:10',1,90),(5,4,'114','113',20,'1',129,'2015-06-22 12:05:20',1,1),(196,4,'20','113',25,'1',130,'2015-06-22 12:10:41',1,2),(4,196,'113','20',20,'1',131,'2015-06-22 12:11:57',1,1),(5,4,'114','113',20,'1',132,'2015-06-22 12:43:16',1,1),(5,196,'114','20',25,'1',133,'2015-06-22 12:47:57',1,2),(196,5,'20','114',11,'1',134,'2015-06-22 12:49:04',1,88),(4,5,'113','114',25,'1',135,'2015-06-22 13:08:23',1,2),(195,196,'10','20',20,'1',136,'2015-06-23 15:57:55',1,1),(196,195,'20','10',20,'1',137,'2015-06-23 15:59:15',1,1),(195,196,'10','20',34,'1',138,'2015-06-24 14:39:33',1,90),(196,195,'20','10',20,'1',139,'2015-06-24 14:53:08',1,1),(196,195,'20','10',34,'1',140,'2015-06-24 15:03:09',1,90),(196,195,'20','10',34,'1',141,'2015-06-24 19:01:59',1,90),(232,196,'455','20',34,'1',142,'2015-06-24 21:30:08',1,90),(195,196,'10','20',34,'1',143,'2015-06-25 15:50:06',1,90),(196,195,'20','10',34,'1',144,'2015-06-25 15:51:36',1,90),(63,90,'102','0',25,'1',145,'2015-06-25 17:22:05',1,2),(90,63,'0','102',11,'1',146,'2015-06-25 17:24:02',1,88),(90,63,'0','102',25,'1',147,'2015-06-25 17:29:34',1,2),(195,189,'10','test',34,'1',148,'2015-06-26 19:12:23',1,90),(189,195,'test','10',20,'1',149,'2015-06-26 19:13:29',1,1),(196,195,'20','10',34,'1',150,'2015-06-29 16:47:26',1,90),(195,196,'10','20',34,'1',151,'2015-06-29 16:49:44',1,90),(196,195,'20','10',34,'1',152,'2015-06-29 16:49:46',1,90),(196,195,'20','10',11,'1',153,'2015-06-29 17:01:04',1,89),(195,196,'10','20',11,'1',154,'2015-06-29 17:01:06',1,89),(196,195,'20','10',34,'1',155,'2015-06-29 20:08:30',1,90),(5,4,'114','113',20,'1',156,'2015-06-30 19:48:04',1,1),(4,5,'113','114',34,'1',157,'2015-06-30 21:57:40',1,90),(4,5,'113','114',20,'1',158,'2015-07-01 12:47:26',1,1),(195,196,'68','67',34,'1',159,'2015-07-01 21:12:10',1,90),(195,196,'68','67',34,'1',160,'2015-07-01 21:13:55',1,90),(196,195,'67','68',34,'1',161,'2015-07-01 21:16:00',1,90),(195,196,'68','67',34,'1',162,'2015-07-01 21:30:38',1,90),(260,196,'67','36',34,'1',163,'2015-07-02 20:33:36',1,90),(196,260,'36','67',34,'1',164,'2015-07-02 20:36:00',1,90),(260,196,'67','36',34,'1',165,'2015-07-02 20:36:57',1,90),(196,195,'36','78',20,'1',166,'2015-07-03 14:59:03',1,1),(195,189,'78','test',20,'1',167,'2015-07-06 18:40:50',1,1);
/*!40000 ALTER TABLE `notify_order` ENABLE KEYS */;
UNLOCK TABLES;

--
-- Table structure for table `order_master`
--

DROP TABLE IF EXISTS `order_master`;
/*!40101 SET @saved_cs_client     = @@character_set_client */;
/*!40101 SET character_set_client = utf8 */;
CREATE TABLE `order_master` (
  `id` int(11) NOT NULL AUTO_INCREMENT,
  `hotel_id` int(11) DEFAULT NULL,
  `user_id` int(11) DEFAULT NULL,
  `drinks_id` int(11) DEFAULT NULL,
  `recipient_id` int(11) DEFAULT NULL,
  `room_number` varchar(50) DEFAULT NULL,
  `price` float(10,2) DEFAULT NULL,
  `quantity` int(5) DEFAULT NULL,
  `total_price` float(10,2) DEFAULT NULL,
  `date_time` datetime DEFAULT NULL,
  `charged` enum('Y','N') DEFAULT 'N',
  `active` enum('Y','N') DEFAULT 'Y',
  `from_room` varchar(50) DEFAULT NULL,
  PRIMARY KEY (`id`),
  KEY `hotel_id` (`hotel_id`),
  KEY `user_id` (`user_id`),
  KEY `drinks_id` (`drinks_id`),
  KEY `price` (`price`),
  KEY `quantity` (`quantity`),
  KEY `total_price` (`total_price`),
  KEY `active` (`active`),
  KEY `charged` (`charged`),
  KEY `recipient_id` (`recipient_id`),
  KEY `room_number` (`room_number`)
) ENGINE=InnoDB AUTO_INCREMENT=170 DEFAULT CHARSET=latin1;
/*!40101 SET character_set_client = @saved_cs_client */;

--
-- Dumping data for table `order_master`
--

LOCK TABLES `order_master` WRITE;
/*!40000 ALTER TABLE `order_master` DISABLE KEYS */;
INSERT INTO `order_master` VALUES (1,1,4,1,5,'2',20.00,1,20.00,'2015-04-01 23:38:37','Y','Y','4'),(2,1,5,2,4,'4',25.00,3,75.00,'2015-03-31 23:39:13','Y','Y','2'),(4,1,93,90,90,NULL,34.00,1,34.00,'2015-04-30 23:53:25','N','Y',NULL),(5,1,90,89,90,NULL,11.00,1,11.00,'2015-05-02 10:51:27','N','Y',NULL),(6,1,90,89,90,NULL,11.00,1,11.00,'2015-05-02 10:51:30','N','Y',NULL),(7,1,90,89,90,NULL,11.00,1,11.00,'2015-05-02 10:51:33','N','Y',NULL),(8,1,90,88,63,NULL,11.00,1,11.00,'2015-05-03 11:28:53','N','Y',NULL),(9,1,90,1,63,NULL,20.00,1,20.00,'2015-05-03 11:46:07','N','Y',NULL),(10,1,90,1,63,NULL,20.00,1,20.00,'2015-05-03 11:46:07','N','Y',NULL),(11,27,99,107,98,NULL,20.00,1,20.00,'2015-05-04 10:35:40','N','Y',NULL),(12,27,99,107,98,NULL,20.00,1,20.00,'2015-05-04 10:35:44','N','Y',NULL),(13,27,99,107,98,NULL,20.00,1,20.00,'2015-05-04 10:35:45','N','Y',NULL),(14,27,99,107,98,NULL,20.00,1,20.00,'2015-05-04 10:35:45','N','Y',NULL),(15,27,99,107,98,NULL,20.00,1,20.00,'2015-05-04 10:36:43','N','Y',NULL),(16,27,99,107,98,NULL,20.00,1,20.00,'2015-05-04 10:36:45','N','Y',NULL),(17,27,99,107,98,NULL,20.00,1,20.00,'2015-05-04 10:36:48','N','Y',NULL),(18,27,99,107,98,NULL,20.00,1,20.00,'2015-05-04 10:36:49','N','Y',NULL),(19,27,99,107,98,NULL,20.00,1,20.00,'2015-05-04 10:37:39','N','Y',NULL),(20,27,99,107,98,NULL,20.00,1,20.00,'2015-05-04 10:37:39','N','Y',NULL),(21,27,98,103,99,NULL,20.00,1,20.00,'2015-05-04 10:37:45','N','Y',NULL),(22,27,98,103,99,NULL,20.00,1,20.00,'2015-05-04 10:37:45','N','Y',NULL),(23,27,98,103,99,NULL,20.00,1,20.00,'2015-05-04 10:37:46','N','Y',NULL),(24,27,98,103,99,NULL,20.00,1,20.00,'2015-05-04 10:37:46','N','Y',NULL),(25,27,98,103,99,NULL,20.00,1,20.00,'2015-05-04 10:37:49','N','Y',NULL),(26,27,98,103,99,NULL,20.00,1,20.00,'2015-05-04 10:37:49','N','Y',NULL),(27,27,98,103,99,NULL,20.00,1,20.00,'2015-05-04 10:37:49','N','Y',NULL),(28,27,98,103,99,'',20.00,1,20.00,'2015-05-04 15:01:08','N','Y',''),(29,27,98,103,99,'',20.00,1,20.00,'2015-05-04 15:01:09','N','Y',''),(30,27,98,105,99,'',40.00,1,40.00,'2015-05-05 07:52:16','N','Y',''),(31,27,98,105,99,'',40.00,1,40.00,'2015-05-05 07:52:17','N','Y',''),(32,27,98,105,99,'',40.00,1,40.00,'2015-05-05 07:52:18','N','Y',''),(33,27,98,105,99,'',40.00,1,40.00,'2015-05-05 07:52:22','N','Y',''),(34,27,98,105,99,'',40.00,1,40.00,'2015-05-05 07:52:26','N','Y',''),(35,27,98,105,99,'',40.00,1,40.00,'2015-05-05 07:52:27','N','Y',''),(36,27,98,105,99,'',40.00,1,40.00,'2015-05-05 07:52:27','N','Y',''),(37,27,98,107,99,'',20.00,1,20.00,'2015-05-05 07:56:35','N','Y',''),(38,40,116,108,117,'200',10.00,1,10.00,'2015-05-12 10:22:38','N','Y','100'),(39,40,117,108,116,'100',10.00,1,10.00,'2015-05-12 10:23:45','Y','Y','200'),(40,40,117,108,116,'100',10.00,1,10.00,'2015-05-12 10:23:50','Y','Y','200'),(41,27,56,104,78,NULL,30.00,1,30.00,'2015-05-20 15:21:17','Y','Y',NULL),(42,1,5,89,4,'113',11.00,1,11.00,'2015-05-20 16:02:11','N','Y','114'),(43,1,4,89,5,'114',11.00,1,11.00,'2015-05-21 06:23:49','N','Y','113'),(44,1,4,89,5,'114',11.00,1,11.00,'2015-05-21 06:24:11','N','Y','113'),(45,1,4,89,5,'114',11.00,1,11.00,'2015-05-21 06:25:12','N','Y','113'),(46,1,5,90,4,'113',34.00,1,34.00,'2015-05-21 06:30:11','N','Y','114'),(47,1,4,88,5,'114',11.00,1,11.00,'2015-05-21 06:36:06','N','Y','113'),(48,27,98,103,99,'401',20.00,1,20.00,'2015-05-21 10:55:41','N','Y','301'),(49,27,99,103,98,'301',20.00,1,20.00,'2015-05-21 11:08:43','N','Y','401'),(50,27,99,103,98,'301',20.00,1,20.00,'2015-05-21 11:08:44','N','Y','401'),(51,27,99,104,98,'301',30.00,1,30.00,'2015-05-21 11:08:48','N','Y','401'),(52,27,98,106,99,'401',10.00,1,10.00,'2015-05-21 11:10:12','N','Y','301'),(53,27,99,106,98,'301',10.00,1,10.00,'2015-05-21 11:11:00','N','Y','401'),(54,27,98,103,99,'401',20.00,1,20.00,'2015-05-21 11:11:25','N','Y','301'),(55,27,113,103,109,'',20.00,1,20.00,'2015-05-21 12:26:06','N','Y',''),(56,27,113,103,109,'',20.00,1,20.00,'2015-05-21 12:38:27','N','Y',''),(57,27,113,104,109,'',30.00,1,30.00,'2015-05-21 12:38:52','N','Y',''),(58,27,113,105,109,'',40.00,1,40.00,'2015-05-21 13:05:12','N','Y',''),(59,27,113,105,109,'',40.00,1,40.00,'2015-05-21 13:42:00','N','Y',''),(60,NULL,NULL,NULL,NULL,NULL,NULL,NULL,0.00,'2015-05-21 14:17:23','N','Y',NULL),(61,NULL,NULL,NULL,NULL,NULL,NULL,NULL,0.00,'2015-05-21 14:17:31','N','Y',NULL),(62,NULL,NULL,NULL,NULL,NULL,NULL,NULL,0.00,'2015-05-21 14:24:58','N','Y',NULL),(63,NULL,NULL,NULL,NULL,NULL,NULL,NULL,0.00,'2015-05-21 14:40:13','N','Y',NULL),(64,27,113,107,109,'',20.00,1,20.00,'2015-05-21 14:41:51','N','Y',''),(65,27,113,103,109,'',20.00,1,20.00,'2015-05-21 14:41:54','N','Y',''),(66,27,98,103,99,'401',20.00,1,20.00,'2015-05-21 14:53:03','N','Y','301'),(67,27,98,103,99,'401',20.00,1,20.00,'2015-05-21 14:53:05','N','Y','301'),(68,27,98,107,99,'401',20.00,1,20.00,'2015-05-21 14:54:27','N','Y','301'),(69,27,98,107,124,'600',20.00,1,20.00,'2015-05-22 08:36:23','N','Y','301'),(70,1,5,90,4,'113',34.00,1,34.00,'2015-05-22 09:58:32','N','Y','114'),(71,1,5,89,4,'113',11.00,1,11.00,'2015-05-22 10:03:09','N','Y','114'),(72,27,138,103,137,'99',20.00,1,20.00,'2015-05-22 14:28:32','N','Y','199'),(73,27,109,106,113,'',10.00,1,10.00,'2015-05-22 14:43:27','N','Y',''),(74,27,138,107,137,'99',20.00,1,20.00,'2015-05-22 15:09:20','Y','Y','199'),(75,27,142,107,141,'55',20.00,1,20.00,'2015-05-22 16:03:16','N','Y','45'),(76,1,4,88,5,'114',11.00,1,11.00,'2015-05-22 16:12:36','N','Y','113'),(77,1,4,88,5,'114',11.00,1,11.00,'2015-05-22 16:20:29','N','Y','113'),(78,1,4,88,5,'114',11.00,1,11.00,'2015-05-22 16:20:31','N','Y','113'),(79,1,4,2,5,'114',25.00,1,25.00,'2015-05-22 16:21:41','N','Y','113'),(80,1,5,1,4,'113',20.00,1,20.00,'2015-05-22 16:37:50','N','Y','114'),(81,27,157,103,156,'66',20.00,1,20.00,'2015-05-25 15:21:00','N','Y','166'),(82,27,113,106,109,'',10.00,1,10.00,'2015-05-26 05:26:38','N','Y',''),(83,27,113,106,109,'',10.00,1,10.00,'2015-05-26 06:40:43','N','Y',''),(84,27,113,106,109,'',10.00,1,10.00,'2015-05-26 06:42:38','N','Y',''),(85,27,113,106,109,'',10.00,1,10.00,'2015-05-26 06:42:38','N','Y',''),(86,27,113,106,109,'',10.00,1,10.00,'2015-05-26 06:48:17','N','Y',''),(87,27,113,106,109,'',10.00,1,10.00,'2015-05-26 06:50:27','N','Y',''),(88,27,113,106,109,'',10.00,1,10.00,'2015-05-26 06:51:09','N','Y',''),(89,27,113,106,109,'',10.00,1,10.00,'2015-05-26 06:52:47','N','Y',''),(90,27,113,106,109,'',10.00,1,10.00,'2015-05-26 06:53:11','N','Y',''),(91,27,113,106,109,'',10.00,1,10.00,'2015-05-26 06:53:13','N','Y',''),(92,27,113,106,109,'',10.00,1,10.00,'2015-05-26 06:53:14','N','Y',''),(93,27,113,106,109,'',10.00,1,10.00,'2015-05-26 06:53:16','N','Y',''),(94,27,113,107,109,'',20.00,1,20.00,'2015-05-26 06:55:07','N','Y',''),(95,27,109,104,113,'',30.00,1,30.00,'2015-05-26 06:59:21','N','Y',''),(96,27,109,104,113,'',30.00,1,30.00,'2015-05-26 07:01:37','N','Y',''),(97,27,164,106,165,'399',10.00,1,10.00,'2015-05-26 07:32:50','N','Y','299'),(98,27,164,107,165,'399',20.00,1,20.00,'2015-05-26 09:22:08','N','Y','299'),(99,27,164,103,165,'399',20.00,1,20.00,'2015-05-26 09:25:16','N','Y','299'),(100,27,165,107,164,'299',20.00,1,20.00,'2015-05-26 12:49:25','N','Y','399'),(101,27,165,106,164,'299',10.00,1,10.00,'2015-05-26 12:50:19','N','Y','399'),(102,27,165,106,164,'299',10.00,1,10.00,'2015-05-26 12:50:23','N','Y','399'),(103,27,164,103,165,'399',20.00,1,20.00,'2015-05-26 14:03:45','N','Y','299'),(104,27,164,103,165,'399',20.00,1,20.00,'2015-05-26 14:16:11','N','Y','299'),(105,1,183,90,182,'399',34.00,1,34.00,'2015-06-03 13:00:21','N','Y','499'),(106,1,189,89,190,'399',11.00,1,11.00,'2015-06-04 09:55:14','N','Y','test'),(107,1,196,90,195,'10',34.00,1,34.00,'2015-06-11 10:08:06','N','Y','20'),(108,1,196,89,195,'10',11.00,1,11.00,'2015-06-11 10:09:12','N','Y','20'),(109,1,196,90,195,'10',34.00,1,34.00,'2015-06-11 10:10:02','N','Y','20'),(110,1,195,2,196,'20',25.00,1,25.00,'2015-06-11 10:10:57','N','Y','10'),(111,1,195,1,196,'20',20.00,1,20.00,'2015-06-11 10:11:58','N','Y','10'),(112,1,196,90,195,'10',34.00,1,34.00,'2015-06-11 12:09:27','N','Y','20'),(113,1,4,1,5,'114',20.00,1,20.00,'2015-06-12 09:09:52','N','Y','113'),(114,1,4,1,5,'114',20.00,1,20.00,'2015-06-12 09:12:22','N','Y','113'),(115,1,5,2,4,'113',25.00,1,25.00,'2015-06-12 09:12:27','N','Y','114'),(116,1,5,2,4,'113',25.00,1,25.00,'2015-06-12 09:12:28','N','Y','114'),(117,1,5,2,4,'113',25.00,1,25.00,'2015-06-12 09:12:28','N','Y','114'),(118,1,5,90,4,'113',34.00,1,34.00,'2015-06-12 10:00:21','N','Y','114'),(119,1,195,90,196,'20',34.00,1,34.00,'2015-06-12 12:38:05','N','Y','10'),(120,1,196,89,195,'10',11.00,1,11.00,'2015-06-12 13:58:42','N','Y','20'),(121,1,196,90,195,'10',34.00,1,34.00,'2015-06-12 13:59:35','N','Y','20'),(122,1,196,90,195,'10',34.00,1,34.00,'2015-06-12 14:11:32','N','Y','20'),(123,1,196,1,195,'10',20.00,1,20.00,'2015-06-12 14:15:57','N','Y','20'),(124,1,196,88,195,'10',11.00,1,11.00,'2015-06-12 14:21:02','N','Y','20'),(125,1,196,90,195,'10',34.00,1,34.00,'2015-06-12 14:22:50','N','Y','20'),(126,1,196,90,195,'10',34.00,1,34.00,'2015-06-12 14:24:21','N','Y','20'),(127,1,195,90,196,'20',34.00,1,34.00,'2015-06-12 14:35:15','N','Y','10'),(128,1,196,90,195,'10',34.00,1,34.00,'2015-06-12 14:36:19','N','Y','20'),(129,1,195,90,4,'113',34.00,1,34.00,'2015-06-15 11:57:43','N','Y','10'),(130,1,196,90,188,'299',34.00,1,34.00,'2015-06-22 11:47:10','N','Y','20'),(131,1,5,1,4,'113',20.00,1,20.00,'2015-06-22 12:05:20','N','Y','114'),(132,1,196,2,4,'113',25.00,1,25.00,'2015-06-22 12:10:41','N','Y','20'),(133,1,4,1,196,'20',20.00,1,20.00,'2015-06-22 12:11:57','N','Y','113'),(134,1,5,1,4,'113',20.00,1,20.00,'2015-06-22 12:43:16','N','Y','114'),(135,1,5,2,196,'20',25.00,1,25.00,'2015-06-22 12:47:57','N','Y','114'),(136,1,196,88,5,'114',11.00,1,11.00,'2015-06-22 12:49:04','N','Y','20'),(137,1,4,2,5,'114',25.00,1,25.00,'2015-06-22 13:08:23','N','Y','113'),(138,1,195,1,196,'20',20.00,1,20.00,'2015-06-23 15:57:55','N','Y','10'),(139,1,196,1,195,'10',20.00,1,20.00,'2015-06-23 15:59:15','N','Y','20'),(140,1,195,90,196,'20',34.00,1,34.00,'2015-06-24 14:39:33','N','Y','10'),(141,1,196,1,195,'10',20.00,1,20.00,'2015-06-24 14:53:08','Y','Y','20'),(142,1,196,90,195,'10',34.00,1,34.00,'2015-06-24 15:03:09','N','Y','20'),(143,1,196,90,195,'10',34.00,1,34.00,'2015-06-24 19:01:59','N','Y','20'),(144,1,232,90,196,'20',34.00,1,34.00,'2015-06-24 21:30:08','N','Y','455'),(145,1,195,90,196,'20',34.00,1,34.00,'2015-06-25 15:50:06','N','Y','10'),(146,1,196,90,195,'10',34.00,1,34.00,'2015-06-25 15:51:36','N','Y','20'),(147,1,63,2,90,'0',25.00,1,25.00,'2015-06-25 17:22:05','N','Y','102'),(148,1,90,88,63,'102',11.00,1,11.00,'2015-06-25 17:24:02','N','Y','0'),(149,1,90,2,63,'102',25.00,1,25.00,'2015-06-25 17:29:34','N','Y','0'),(150,1,195,90,189,'test',34.00,1,34.00,'2015-06-26 19:12:23','N','Y','10'),(151,1,189,1,195,'10',20.00,1,20.00,'2015-06-26 19:13:29','N','Y','test'),(152,1,196,90,195,'10',34.00,1,34.00,'2015-06-29 16:47:26','N','Y','20'),(153,1,195,90,196,'20',34.00,1,34.00,'2015-06-29 16:49:44','N','Y','10'),(154,1,196,90,195,'10',34.00,1,34.00,'2015-06-29 16:49:46','N','Y','20'),(155,1,196,89,195,'10',11.00,1,11.00,'2015-06-29 17:01:04','N','Y','20'),(156,1,195,89,196,'20',11.00,1,11.00,'2015-06-29 17:01:06','N','Y','10'),(157,1,196,90,195,'10',34.00,1,34.00,'2015-06-29 20:08:30','N','Y','20'),(158,1,5,1,4,'113',20.00,1,20.00,'2015-06-30 19:48:04','N','Y','114'),(159,1,4,90,5,'114',34.00,1,34.00,'2015-06-30 21:57:40','N','Y','113'),(160,1,4,1,5,'114',20.00,1,20.00,'2015-07-01 12:47:26','N','Y','113'),(161,1,195,90,196,'67',34.00,1,34.00,'2015-07-01 21:12:10','N','Y','68'),(162,1,195,90,196,'67',34.00,1,34.00,'2015-07-01 21:13:55','N','Y','68'),(163,1,196,90,195,'68',34.00,1,34.00,'2015-07-01 21:16:00','N','Y','67'),(164,1,195,90,196,'67',34.00,1,34.00,'2015-07-01 21:30:38','N','Y','68'),(165,1,260,90,196,'36',34.00,1,34.00,'2015-07-02 20:33:36','N','Y','67'),(166,1,196,90,260,'67',34.00,1,34.00,'2015-07-02 20:36:00','N','Y','36'),(167,1,260,90,196,'36',34.00,1,34.00,'2015-07-02 20:36:57','N','Y','67'),(168,1,196,1,195,'78',20.00,1,20.00,'2015-07-03 14:59:03','N','Y','36'),(169,1,195,1,189,'test',20.00,1,20.00,'2015-07-06 18:40:50','N','Y','78');
/*!40000 ALTER TABLE `order_master` ENABLE KEYS */;
UNLOCK TABLES;

--
-- Table structure for table `renew_membership_details`
--

DROP TABLE IF EXISTS `renew_membership_details`;
/*!40101 SET @saved_cs_client     = @@character_set_client */;
/*!40101 SET character_set_client = utf8 */;
CREATE TABLE `renew_membership_details` (
  `id` int(11) unsigned NOT NULL AUTO_INCREMENT,
  `renew_membership_package_id` int(11) DEFAULT '0',
  `user_id` int(11) DEFAULT NULL,
  `transaction_id` varchar(255) DEFAULT NULL,
  `days` int(11) DEFAULT NULL,
  `amount` float(10,2) DEFAULT NULL,
  `expiry_date` datetime DEFAULT NULL,
  `deleted` enum('Y','N') DEFAULT 'N',
  `tnx_date` datetime DEFAULT NULL,
  `tnx_text` text,
  PRIMARY KEY (`id`)
) ENGINE=InnoDB AUTO_INCREMENT=97 DEFAULT CHARSET=latin1;
/*!40101 SET character_set_client = @saved_cs_client */;

--
-- Dumping data for table `renew_membership_details`
--

LOCK TABLES `renew_membership_details` WRITE;
/*!40000 ALTER TABLE `renew_membership_details` DISABLE KEYS */;
INSERT INTO `renew_membership_details` VALUES (1,1,1,'2588694',1,100.00,'2015-07-17 00:00:00','N','2015-06-17 07:25:44','Tnx Code: I00001, Tnx Text:Successful.'),(2,0,11,NULL,NULL,NULL,'2015-08-17 00:00:00','N',NULL,NULL),(3,0,19,NULL,NULL,NULL,'2015-08-17 00:00:00','N',NULL,NULL),(4,0,20,NULL,NULL,NULL,'2015-08-17 00:00:00','N',NULL,NULL),(5,0,21,NULL,NULL,NULL,'2015-08-17 00:00:00','N',NULL,NULL),(6,0,22,NULL,NULL,NULL,'2015-08-17 00:00:00','N',NULL,NULL),(7,0,30,NULL,NULL,NULL,'2015-08-17 00:00:00','N',NULL,NULL),(8,0,31,NULL,NULL,NULL,'2015-08-17 00:00:00','N',NULL,NULL),(9,0,32,NULL,NULL,NULL,'2015-08-17 00:00:00','N',NULL,NULL),(10,0,33,NULL,NULL,NULL,'2015-08-17 00:00:00','N',NULL,NULL),(11,0,34,NULL,NULL,NULL,'2015-08-17 00:00:00','N',NULL,NULL),(12,0,35,NULL,NULL,NULL,'2015-08-17 00:00:00','N',NULL,NULL),(13,0,38,NULL,NULL,NULL,'2015-08-17 00:00:00','N',NULL,NULL),(14,0,39,NULL,NULL,NULL,'2015-08-17 00:00:00','N',NULL,NULL),(15,0,40,NULL,NULL,NULL,'2015-08-17 00:00:00','N',NULL,NULL),(16,0,41,NULL,NULL,NULL,'2015-08-17 00:00:00','N',NULL,NULL),(17,1,47,'2672112',1,100.00,'2015-07-25 00:00:00','N','2015-06-25 16:42:49','Tnx Code: I00001, Tnx Text:Successful.'),(18,0,51,NULL,NULL,NULL,'2015-08-17 00:00:00','N',NULL,NULL),(19,0,58,NULL,NULL,NULL,'2015-08-17 00:00:00','N',NULL,NULL),(20,0,61,NULL,NULL,NULL,'2015-08-17 00:00:00','N',NULL,NULL),(21,0,64,NULL,NULL,NULL,'2015-08-17 00:00:00','N',NULL,NULL),(22,0,69,NULL,NULL,NULL,'2015-08-17 00:00:00','N',NULL,NULL),(23,0,71,NULL,NULL,NULL,'2015-08-17 00:00:00','N',NULL,NULL),(24,0,72,NULL,NULL,NULL,'2015-08-17 00:00:00','N',NULL,NULL),(25,0,73,NULL,NULL,NULL,'2015-08-17 00:00:00','N',NULL,NULL),(26,0,74,NULL,NULL,NULL,'2015-08-17 00:00:00','N',NULL,NULL),(27,0,77,NULL,NULL,NULL,'2015-08-17 00:00:00','N',NULL,NULL),(28,0,80,NULL,NULL,NULL,'2015-08-17 00:00:00','N',NULL,NULL),(29,0,97,NULL,NULL,NULL,'2015-08-17 00:00:00','N',NULL,NULL),(30,0,114,NULL,NULL,NULL,'2015-08-17 00:00:00','N',NULL,NULL),(31,0,202,NULL,NULL,NULL,'2015-08-17 00:00:00','N',NULL,NULL),(32,0,203,NULL,NULL,NULL,'2015-08-17 00:00:00','N',NULL,NULL),(33,0,204,NULL,NULL,NULL,'2015-08-17 00:00:00','N',NULL,NULL),(34,0,205,NULL,NULL,NULL,'2015-08-17 00:00:00','N',NULL,NULL),(35,0,206,NULL,NULL,NULL,'2015-08-17 00:00:00','N',NULL,NULL),(36,0,207,NULL,NULL,NULL,'2015-08-17 00:00:00','N',NULL,NULL),(37,0,208,NULL,NULL,NULL,'2015-08-17 00:00:00','N',NULL,NULL),(64,1,209,'2588760',1,100.00,'2015-07-17 00:00:00','N','2015-06-17 09:13:57','Tnx Code: I00001, Tnx Text:Successful.'),(65,1,210,'2670851',1,100.00,'2015-05-24 00:00:00','N','2015-06-24 14:37:30','Tnx Code: I00001, Tnx Text:Successful.'),(67,0,212,NULL,NULL,NULL,'2015-08-17 00:00:00','N',NULL,NULL),(68,0,218,NULL,NULL,NULL,'2015-08-18 00:00:00','N',NULL,NULL),(69,0,225,NULL,NULL,NULL,'2015-08-19 00:00:00','N',NULL,NULL),(70,0,233,NULL,NULL,NULL,'2015-08-25 00:00:00','N',NULL,NULL),(71,0,234,NULL,NULL,NULL,'2015-08-25 00:00:00','N',NULL,NULL),(72,0,235,NULL,NULL,NULL,'2015-08-25 00:00:00','N',NULL,NULL),(73,1,236,'2672114',1,100.00,'2015-07-25 00:00:00','N','2015-06-25 16:46:17','Tnx Code: I00001, Tnx Text:Successful.'),(74,0,241,NULL,NULL,NULL,'2015-08-30 00:00:00','N',NULL,NULL),(75,0,242,NULL,NULL,NULL,'2015-08-30 00:00:00','N',NULL,NULL),(76,0,262,NULL,NULL,NULL,'2015-09-03 00:00:00','N',NULL,NULL),(77,0,265,NULL,NULL,NULL,'2016-03-31 00:00:00','N',NULL,NULL),(78,1,267,'2679186',1,100.00,'2015-07-06 00:00:00','N','2015-07-07 17:03:57','Tnx Code: I00001, Tnx Text:Successful.'),(79,0,268,NULL,NULL,NULL,'2015-09-09 00:00:00','N',NULL,NULL),(80,0,271,NULL,NULL,NULL,'2015-09-10 00:00:00','N',NULL,NULL),(81,0,272,NULL,NULL,NULL,'2015-09-10 00:00:00','N',NULL,NULL),(82,0,273,NULL,NULL,NULL,'2015-09-10 00:00:00','N',NULL,NULL),(83,0,278,NULL,NULL,NULL,'2015-12-26 00:00:00','N',NULL,NULL),(84,0,284,NULL,NULL,NULL,'2016-02-05 00:00:00','N',NULL,NULL),(85,0,283,NULL,NULL,NULL,'2016-02-05 00:00:00','N',NULL,NULL),(86,0,285,NULL,NULL,NULL,'2016-03-30 00:00:00','N',NULL,NULL),(87,0,286,NULL,NULL,NULL,'2016-04-01 00:00:00','N',NULL,NULL),(88,0,287,NULL,NULL,NULL,'2016-04-02 00:00:00','N',NULL,NULL),(89,0,289,NULL,NULL,NULL,'2016-04-21 00:00:00','N',NULL,NULL),(90,0,294,NULL,NULL,NULL,'2016-05-03 00:00:00','N',NULL,NULL),(91,0,296,NULL,NULL,NULL,'2016-05-04 00:00:00','N',NULL,NULL),(92,0,299,NULL,NULL,NULL,'2016-05-04 00:00:00','N',NULL,NULL),(93,0,300,NULL,NULL,NULL,'2016-05-05 00:00:00','N',NULL,NULL),(94,0,301,NULL,NULL,NULL,'2016-05-08 00:00:00','N',NULL,NULL),(95,0,302,NULL,NULL,NULL,'2016-05-08 00:00:00','N',NULL,NULL),(96,0,310,NULL,NULL,NULL,'2016-05-16 00:00:00','N',NULL,NULL);
/*!40000 ALTER TABLE `renew_membership_details` ENABLE KEYS */;
UNLOCK TABLES;

--
-- Table structure for table `time_zone`
--

DROP TABLE IF EXISTS `time_zone`;
/*!40101 SET @saved_cs_client     = @@character_set_client */;
/*!40101 SET character_set_client = utf8 */;
CREATE TABLE `time_zone` (
  `id` int(11) NOT NULL AUTO_INCREMENT,
  `zone` varchar(5) DEFAULT NULL,
  `difference` varchar(25) DEFAULT NULL,
  `time_zone` varchar(50) DEFAULT NULL,
  PRIMARY KEY (`id`)
) ENGINE=MyISAM AUTO_INCREMENT=15 DEFAULT CHARSET=latin1;
/*!40101 SET character_set_client = @saved_cs_client */;

--
-- Dumping data for table `time_zone`
--

LOCK TABLES `time_zone` WRITE;
/*!40000 ALTER TABLE `time_zone` DISABLE KEYS */;
INSERT INTO `time_zone` VALUES (1,'EST','-05:00','America/New_York'),(2,'EDT','-04:00','America/New_York'),(3,'CST','-06:00','America/Chicago'),(4,'CDT','-05:00','America/Chicago'),(5,'MST','-07:00','America/Phoenix'),(6,'MDT','-06:00','America/Boise'),(7,'PST','-08:00','America/Los_Angeles'),(8,'PDT','-07:00','America/Los_Angeles'),(9,'AST','-04:00','America/Puerto_Rico'),(10,'AKDT','-08:00','America/Juneau'),(11,'HST','-10:00','Pacific/Honolulu'),(12,'ChST','-10:00','Pacific/Guam'),(13,'SST','-11:00','Pacific/Samoa'),(14,'WAKT','+12:00','Pacific/Wake');
/*!40000 ALTER TABLE `time_zone` ENABLE KEYS */;
UNLOCK TABLES;

--
-- Table structure for table `vecancy_reason_list`
--

DROP TABLE IF EXISTS `vecancy_reason_list`;
/*!40101 SET @saved_cs_client     = @@character_set_client */;
/*!40101 SET character_set_client = utf8 */;
CREATE TABLE `vecancy_reason_list` (
  `id` int(11) NOT NULL AUTO_INCREMENT,
  `title` varchar(100) DEFAULT NULL,
  `active` enum('Y','N') DEFAULT NULL,
  PRIMARY KEY (`id`),
  KEY `title` (`title`),
  KEY `active` (`active`)
) ENGINE=InnoDB AUTO_INCREMENT=7 DEFAULT CHARSET=latin1;
/*!40101 SET character_set_client = @saved_cs_client */;

--
-- Dumping data for table `vecancy_reason_list`
--

LOCK TABLES `vecancy_reason_list` WRITE;
/*!40000 ALTER TABLE `vecancy_reason_list` DISABLE KEYS */;
INSERT INTO `vecancy_reason_list` VALUES (1,'Nature','Y'),(2,'Culture','Y'),(3,'Business Fiera','Y'),(4,'Concert','Y'),(5,'Sport','Y'),(6,'Family Vacation','Y');
/*!40000 ALTER TABLE `vecancy_reason_list` ENABLE KEYS */;
UNLOCK TABLES;

--
-- Table structure for table `webservice`
--

DROP TABLE IF EXISTS `webservice`;
/*!40101 SET @saved_cs_client     = @@character_set_client */;
/*!40101 SET character_set_client = utf8 */;
CREATE TABLE `webservice` (
  `id` int(11) NOT NULL DEFAULT '0',
  `name` varchar(50) DEFAULT NULL,
  `category` text,
  `json` text,
  `desc` text,
  `type` enum('JSON','POST') DEFAULT 'JSON',
  `controller` varchar(50) DEFAULT NULL,
  PRIMARY KEY (`id`)
) ENGINE=InnoDB DEFAULT CHARSET=latin1;
/*!40101 SET character_set_client = @saved_cs_client */;

--
-- Dumping data for table `webservice`
--

LOCK TABLES `webservice` WRITE;
/*!40000 ALTER TABLE `webservice` DISABLE KEYS */;
INSERT INTO `webservice` VALUES (1,'register','Login & Registration','first_name,last_name,email, password,phone,city,address,image, username,device_token,activation_code,vacancy_list,desc,status',NULL,'POST','client/register'),(2,'Login','Login & Registration','username,password,device_token',NULL,'POST','client/login'),(3,'shareExperiance','Hotel','{\"function\":\"shareExperiance\",\"parameters\":{\"activation_code\":\"1380479981\",\"experiance\":\"test\",\"user_id\":\"4\"}}',NULL,'JSON','client'),(4,'Hotel Details','Hotel','{\"function\":\"hotel_details\", \"parameters\": {\"activation_code\": \"1380479981\"},\"token\":\"\"}',NULL,'JSON','client'),(5,'Vacancy Reson List','Guest','{\"function\":\"vacancy_reason_list\", \"parameters\": {},\"token\":\"\"}',NULL,'JSON','client'),(6,'Guest Details','Guest','{\"function\":\"get_user_details\", \"parameters\": {\"user_id\": \"4\",\"activation_code\":\"1380479981\"},\"token\":\"\"}',NULL,'JSON','client'),(7,'Forget Password','Login & Registration','{\"function\":\"forgotPassword\",\"parameters\":{\"email_address\":\"guest1@hotel1.com\"},\"token\":\"\"}',NULL,'JSON','client'),(8,'Activation Code Expires Check','Guest','{\"function\":\"checkActivationCodeExpires\", \"parameters\": {\"activation_code\":\"1380479981\"},\"token\":\"\"}',NULL,'JSON','client'),(9,'Guest List','Guest','{\"function\":\"GetAllGuestUsers\", \"parameters\": {\"activation_code\":\"1380479981\",\"page\":\"0\"},\"token\":\"\"}',NULL,'JSON','client'),(10,'Logout','Login & Registration','{\"function\":\"logout\", \"parameters\": {\"user_id\": \"4\",\"device_token\":\"\"},\"token\":\"\"}',NULL,'JSON','client');
/*!40000 ALTER TABLE `webservice` ENABLE KEYS */;
UNLOCK TABLES;
/*!40103 SET TIME_ZONE=@OLD_TIME_ZONE */;

/*!40101 SET SQL_MODE=@OLD_SQL_MODE */;
/*!40014 SET FOREIGN_KEY_CHECKS=@OLD_FOREIGN_KEY_CHECKS */;
/*!40014 SET UNIQUE_CHECKS=@OLD_UNIQUE_CHECKS */;
/*!40101 SET CHARACTER_SET_CLIENT=@OLD_CHARACTER_SET_CLIENT */;
/*!40101 SET CHARACTER_SET_RESULTS=@OLD_CHARACTER_SET_RESULTS */;
/*!40101 SET COLLATION_CONNECTION=@OLD_COLLATION_CONNECTION */;
/*!40111 SET SQL_NOTES=@OLD_SQL_NOTES */;

-- Dump completed on 2016-03-16 15:03:14
